home_team,away_team,date,league,is_neutral
FC 15 de Agosto de Akonibe,Fomboni FC,2026-09-11T14:00:00+00:00,CAF_CL,False
Georgia,Northern Ireland,2026-09-25T16:00:00+00:00,UNL,False
Armenia,Latvia,2026-09-25T16:00:00+00:00,UNL,False
Montenegro,Cyprus,2026-09-25T18:45:00+00:00,UNL,False
Poland,Bosnia & Herzegovina,2026-09-25T18:45:00+00:00,UNL,False
Hungary,Ukraine,2026-09-25T18:45:00+00:00,UNL,False
Türkiye,France,2026-09-25T18:45:00+00:00,UNL,False
Italy,Belgium,2026-09-25T18:45:00+00:00,UNL,False
Sweden,Romania,2026-09-25T18:45:00+00:00,UNL,False
Slovenia,Scotland,2026-09-26T13:00:00+00:00,UNL,False
Iceland,Estonia,2026-09-26T16:00:00+00:00,UNL,False
Bulgaria,Luxembourg,2026-09-26T16:00:00+00:00,UNL,False
Faroe Islands,Kazakhstan,2026-09-26T16:00:00+00:00,UNL,False
San Marino,Finland,2026-09-26T16:00:00+00:00,UNL,False
Slovakia,Moldova,2026-09-26T18:45:00+00:00,UNL,False
Albania,Belarus,2026-09-26T18:45:00+00:00,UNL,False
England,Spain,2026-09-26T18:45:00+00:00,UNL,False
Czechia,Croatia,2026-09-26T18:45:00+00:00,UNL,False
North Macedonia,Switzerland,2026-09-26T18:45:00+00:00,UNL,False
Lithuania,Azerbaijan,2026-09-27T13:00:00+00:00,UNL,False
Serbia,Netherlands,2026-09-27T16:00:00+00:00,UNL,False
Gibraltar,Andorra,2026-09-27T16:00:00+00:00,UNL,False
Austria,Kosovo,2026-09-27T16:00:00+00:00,UNL,False
Denmark,Wales,2026-09-27T16:00:00+00:00,UNL,False
Israel,Ireland,2026-09-27T18:45:00+00:00,UNL,False
Norway,Portugal,2026-09-27T18:45:00+00:00,UNL,False
Germany,Greece,2026-09-27T18:45:00+00:00,UNL,False
Georgia,Ukraine,2026-09-28T16:00:00+00:00,UNL,False
Latvia,Cyprus,2026-09-28T16:00:00+00:00,UNL,False
Armenia,Montenegro,2026-09-28T16:00:00+00:00,UNL,False
Belgium,France,2026-09-28T18:45:00+00:00,UNL,False
Türkiye,Italy,2026-09-28T18:45:00+00:00,UNL,False
Northern Ireland,Hungary,2026-09-28T18:45:00+00:00,UNL,False
Romania,Bosnia & Herzegovina,2026-09-28T18:45:00+00:00,UNL,False
Sweden,Poland,2026-09-28T18:45:00+00:00,UNL,False
Moldova,Faroe Islands,2026-09-29T16:00:00+00:00,UNL,False
Finland,Belarus,2026-09-29T16:00:00+00:00,UNL,False
Scotland,Switzerland,2026-09-29T18:45:00+00:00,UNL,False
Slovenia,North Macedonia,2026-09-29T18:45:00+00:00,UNL,False
Czechia,England,2026-09-29T18:45:00+00:00,UNL,False
Spain,Croatia,2026-09-29T18:45:00+00:00,UNL,False
San Marino,Albania,2026-09-29T18:45:00+00:00,UNL,False
Slovakia,Kazakhstan,2026-09-29T18:45:00+00:00,UNL,False
Bulgaria,Estonia,2026-09-29T18:45:00+00:00,UNL,False
Luxembourg,Iceland,2026-09-29T18:45:00+00:00,UNL,False
Azerbaijan,Liechtenstein,2026-10-01T16:00:00+00:00,UNL,False
Israel,Kosovo,2026-10-01T18:45:00+00:00,UNL,False
Germany,Serbia,2026-10-01T18:45:00+00:00,UNL,False
Malta,Gibraltar,2026-10-01T18:45:00+00:00,UNL,False
Ireland,Austria,2026-10-01T18:45:00+00:00,UNL,False
Wales,Norway,2026-10-01T18:45:00+00:00,UNL,False
Denmark,Portugal,2026-10-01T18:45:00+00:00,UNL,False
Greece,Netherlands,2026-10-01T18:45:00+00:00,UNL,False
Kazakhstan,Moldova,2026-10-02T14:00:00+00:00,UNL,False
Latvia,Montenegro,2026-10-02T16:00:00+00:00,UNL,False
Cyprus,Armenia,2026-10-02T16:00:00+00:00,UNL,False
Hungary,Georgia,2026-10-02T18:45:00+00:00,UNL,False
Belgium,Türkiye,2026-10-02T18:45:00+00:00,UNL,False
France,Italy,2026-10-02T18:45:00+00:00,UNL,False
Faroe Islands,Slovakia,2026-10-02T18:45:00+00:00,UNL,False
Poland,Romania,2026-10-02T18:45:00+00:00,UNL,False
Bosnia & Herzegovina,Sweden,2026-10-02T18:45:00+00:00,UNL,False
Ukraine,Northern Ireland,2026-10-02T18:45:00+00:00,UNL,False
São Paulo,Santos,2026-10-02T23:00:00+00:00,Brasileirao,False
Fomboni FC,FC 15 de Agosto de Akonibe,2026-10-03T12:00:00+00:00,CAF_CL,False
Finland,Albania,2026-10-03T13:00:00+00:00,UNL,False
Iceland,Bulgaria,2026-10-03T16:00:00+00:00,UNL,False
Estonia,Luxembourg,2026-10-03T16:00:00+00:00,UNL,False
Belarus,San Marino,2026-10-03T16:00:00+00:00,UNL,False
Croatia,England,2026-10-03T16:00:00+00:00,UNL,False
North Macedonia,Scotland,2026-10-03T18:45:00+00:00,UNL,False
Spain,Czechia,2026-10-03T18:45:00+00:00,UNL,False
Switzerland,Slovenia,2026-10-03T18:45:00+00:00,UNL,False
Atlético Mineiro,Red Bull Bragantino,2026-10-03T21:30:00+00:00,Brasileirao,False
Azerbaijan,Lithuania,2026-10-04T13:00:00+00:00,UNL,False
Kosovo,Austria,2026-10-04T16:00:00+00:00,UNL,False
Malta,Andorra,2026-10-04T16:00:00+00:00,UNL,False
Greece,Germany,2026-10-04T18:45:00+00:00,UNL,False
Netherlands,Serbia,2026-10-04T18:45:00+00:00,UNL,False
Portugal,Norway,2026-10-04T18:45:00+00:00,UNL,False
Wales,Denmark,2026-10-04T18:45:00+00:00,UNL,False
Ireland,Israel,2026-10-04T18:45:00+00:00,UNL,False
Cyprus,Latvia,2026-10-05T16:00:00+00:00,UNL,False
France,Belgium,2026-10-05T18:45:00+00:00,UNL,False
Italy,Türkiye,2026-10-05T18:45:00+00:00,UNL,False
Ukraine,Hungary,2026-10-05T18:45:00+00:00,UNL,False
Bosnia & Herzegovina,Poland,2026-10-05T18:45:00+00:00,UNL,False
Romania,Sweden,2026-10-05T18:45:00+00:00,UNL,False
Montenegro,Armenia,2026-10-05T18:45:00+00:00,UNL,False
Northern Ireland,Georgia,2026-10-05T18:45:00+00:00,UNL,False
Kazakhstan,Faroe Islands,2026-10-06T14:00:00+00:00,UNL,False
Estonia,Iceland,2026-10-06T18:45:00+00:00,UNL,False
Moldova,Slovakia,2026-10-06T18:45:00+00:00,UNL,False
Belarus,Finland,2026-10-06T18:45:00+00:00,UNL,False
Luxembourg,Bulgaria,2026-10-06T18:45:00+00:00,UNL,False
England,Czechia,2026-10-06T18:45:00+00:00,UNL,False
Croatia,Spain,2026-10-06T18:45:00+00:00,UNL,False
Scotland,Slovenia,2026-10-06T18:45:00+00:00,UNL,False
Albania,San Marino,2026-10-06T18:45:00+00:00,UNL,False
Switzerland,North Macedonia,2026-10-06T18:45:00+00:00,UNL,False
Remo,Grêmio,2026-10-07T22:30:00+00:00,Brasileirao,False
Red Bull Bragantino,Mirassol,2026-10-07T22:30:00+00:00,Brasileirao,False
Internacional,Corinthians,2026-10-07T22:30:00+00:00,Brasileirao,False
Vitória,Chapecoense,2026-10-07T23:00:00+00:00,Brasileirao,False
Botafogo,Vasco da Gama,2026-10-07T23:30:00+00:00,Brasileirao,False
Cruzeiro,São Paulo,2026-10-08T00:30:00+00:00,Brasileirao,False
Santos,Flamengo,2026-10-08T22:30:00+00:00,Brasileirao,False
Athletico,Atlético Mineiro,2026-10-08T23:00:00+00:00,Brasileirao,False
Palmeiras,Bahia,2026-10-09T00:30:00+00:00,Brasileirao,False
Fluminense,Coritiba,2026-10-09T00:30:00+00:00,Brasileirao,False
PSV Eindhoven,SC Heerenveen,2026-10-09T15:00:00+00:00,Eredivisie,False
Eintracht Braunschweig,Holstein Kiel,2026-10-09T16:30:00+00:00,Bundesliga_2,False
1. FC Heidenheim,1. FC Kaiserslautern,2026-10-09T16:30:00+00:00,Bundesliga_2,False
Borussia Dortmund,SV Werder Bremen,2026-10-09T18:30:00+00:00,Bundesliga,False
RC Lens,Olympique Lyonnais,2026-10-09T18:45:00+00:00,Ligue_1,False
Málaga CF,Espanyol,2026-10-09T19:00:00+00:00,La_Liga,False
West Ham United,Queens Park Rangers,2026-10-09T19:00:00+00:00,Championship,False
Darmstadt 98,Energie Cottbus,2026-10-10T11:00:00+00:00,Bundesliga_2,False
VfL Osnabrück,SG Dynamo Dresden,2026-10-10T11:00:00+00:00,Bundesliga_2,False
1. FC Magdeburg,Hannover 96,2026-10-10T11:00:00+00:00,Bundesliga_2,False
Arsenal,Leeds United,2026-10-10T11:30:00+00:00,Premier_League,False
West Bromwich Albion,Birmingham City,2026-10-10T11:30:00+00:00,Championship,False
Charlton Athletic,Bristol City,2026-10-10T11:30:00+00:00,Championship,False
Swansea City,Norwich City,2026-10-10T11:30:00+00:00,Championship,False
Rayo Vallecano,Athletic Club,2026-10-10T12:00:00+00:00,La_Liga,False
Genoa,Fiorentina,2026-10-10T13:00:00+00:00,Serie_A,False
SC Paderborn 07,VfB Stuttgart,2026-10-10T13:30:00+00:00,Bundesliga,False
1. FC Union Berlin,SV 07 Elversberg,2026-10-10T13:30:00+00:00,Bundesliga,False
1. FSV Mainz 05,Bayer 04 Leverkusen,2026-10-10T13:30:00+00:00,Bundesliga,False
TSG Hoffenheim,Hamburger SV,2026-10-10T13:30:00+00:00,Bundesliga,False
FC Augsburg,FC Bayern München,2026-10-10T13:30:00+00:00,Bundesliga,False
Derby County,Wrexham,2026-10-10T14:00:00+00:00,Championship,False
Aston Villa,Brentford,2026-10-10T14:00:00+00:00,Premier_League,False
Chelsea,Bournemouth,2026-10-10T14:00:00+00:00,Premier_League,False
Ipswich Town,Fulham,2026-10-10T14:00:00+00:00,Premier_League,False
Sunderland,Brighton & Hove Albion,2026-10-10T14:00:00+00:00,Premier_League,False
Middlesbrough,Wolverhampton,2026-10-10T14:00:00+00:00,Championship,False
Watford,Burnley,2026-10-10T14:00:00+00:00,Championship,False
Sheffield United,Lincoln City,2026-10-10T14:00:00+00:00,Championship,False
Preston North End,Millwall,2026-10-10T14:00:00+00:00,Championship,False
Blackburn Rovers,Cardiff City,2026-10-10T14:00:00+00:00,Championship,False
Bolton Wanderers,Stoke City,2026-10-10T14:00:00+00:00,Championship,False
Deportivo Alavés,Atlético Madrid,2026-10-10T14:15:00+00:00,La_Liga,False
Go Ahead Eagles,Sparta Rotterdam,2026-10-10T14:30:00+00:00,Eredivisie,False
Grazer AK 1902,Red Bull Salzburg,2026-10-10T15:00:00+00:00,Austrian_Bundesliga,False
WSG Tirol,SV Ried,2026-10-10T15:00:00+00:00,Austrian_Bundesliga,False
Lille,Le Havre,2026-10-10T15:15:00+00:00,Ligue_1,False
Inter,Parma,2026-10-10T16:00:00+00:00,Serie_A,False
RB Leipzig,Eintracht Frankfurt,2026-10-10T16:30:00+00:00,Bundesliga,False
Manchester United,Tottenham Hotspur,2026-10-10T16:30:00+00:00,Premier_League,False
FC Barcelona,Getafe,2026-10-10T16:30:00+00:00,La_Liga,False
Feyenoord,AZ Alkmaar,2026-10-10T16:45:00+00:00,Eredivisie,False
FK Austria Wien,SK Sturm Graz,2026-10-10T17:30:00+00:00,Austrian_Bundesliga,False
Fortuna Sittard,FC Twente,2026-10-10T18:00:00+00:00,Eredivisie,False
1. FC Nürnberg,VfL Wolfsburg,2026-10-10T18:30:00+00:00,Bundesliga_2,False
AS Monaco,Toulouse,2026-10-10T18:45:00+00:00,Ligue_1,False
Lorient,Paris FC,2026-10-10T18:45:00+00:00,Ligue_1,False
Paris Saint-Germain,Le Mans,2026-10-10T18:45:00+00:00,Ligue_1,False
Stade Brestois,Angers,2026-10-10T18:45:00+00:00,Ligue_1,False
SSC Napoli,Frosinone,2026-10-10T18:45:00+00:00,Serie_A,False
Real Madrid,Villarreal,2026-10-10T19:00:00+00:00,La_Liga,False
AFC Ajax,NEC Nijmegen,2026-10-10T19:00:00+00:00,Eredivisie,False
Vasco da Gama,Remo,2026-10-10T20:00:00+00:00,Brasileirao,False
São Paulo,Vitória,2026-10-11T00:00:00+00:00,Brasileirao,False
FC Utrecht,Willem II Tilburg,2026-10-11T10:15:00+00:00,Eredivisie,False
Como,AS Roma,2026-10-11T10:30:00+00:00,Serie_A,False
Southampton,Portsmouth,2026-10-11T11:00:00+00:00,Championship,False
VfL Bochum 1848,Arminia Bielefeld,2026-10-11T11:30:00+00:00,Bundesliga_2,False
Hertha BSC,SpVgg Greuther Fürth,2026-10-11T11:30:00+00:00,Bundesliga_2,False
FC St. Pauli,Karlsruher SC,2026-10-11T11:30:00+00:00,Bundesliga_2,False
SCR Altach,Wolfsberger AC,2026-10-11T12:30:00+00:00,Austrian_Bundesliga,False
SC Telstar,ADO Den Haag,2026-10-11T12:30:00+00:00,Eredivisie,False
PEC Zwolle,SC Cambuur,2026-10-11T12:30:00+00:00,Eredivisie,False
TSV Hartberg,SC Austria Lustenau,2026-10-11T12:30:00+00:00,Austrian_Bundesliga,False
Lecce,Bologna,2026-10-11T13:00:00+00:00,Serie_A,False
Lazio,Monza,2026-10-11T13:00:00+00:00,Serie_A,False
Nice,RC Strasbourg,2026-10-11T13:00:00+00:00,Ligue_1,False
Crystal Palace,Nottingham Forest,2026-10-11T13:00:00+00:00,Premier_League,False
Hull City,Everton,2026-10-11T13:00:00+00:00,Premier_League,False
1. FC Köln,Borussia M'gladbach,2026-10-11T13:30:00+00:00,Bundesliga,False
Real Sociedad,Deportivo de A Coruña,2026-10-11T14:15:00+00:00,La_Liga,False
Excelsior,FC Groningen,2026-10-11T14:45:00+00:00,Eredivisie,False
LASK,SK Rapid Wien,2026-10-11T15:00:00+00:00,Austrian_Bundesliga,False
Stade Rennais,Auxerre,2026-10-11T15:15:00+00:00,Ligue_1,False
Liverpool FC,Manchester City,2026-10-11T15:30:00+00:00,Premier_League,False
SC Freiburg,FC Schalke 04,2026-10-11T15:30:00+00:00,Bundesliga,False
Sassuolo,AC Milan,2026-10-11T16:00:00+00:00,Serie_A,False
Real Betis,Osasuna,2026-10-11T16:30:00+00:00,La_Liga,False
Troyes,Olympique de Marseille,2026-10-11T18:45:00+00:00,Ligue_1,False
Cagliari,Juventus,2026-10-11T18:45:00+00:00,Serie_A,False
Real Racing Club,Valencia,2026-10-11T19:00:00+00:00,La_Liga,False
Atlético Mineiro,Santos,2026-10-11T19:00:00+00:00,Brasileirao,False
Elche,Celta Vigo,2026-10-11T19:00:00+00:00,La_Liga,False
Flamengo,Fluminense,2026-10-11T20:30:00+00:00,Brasileirao,False
Grêmio,Internacional,2026-10-11T20:30:00+00:00,Brasileirao,False
Palmeiras,Corinthians,2026-10-11T20:30:00+00:00,Brasileirao,False
Bahia,Mirassol,2026-10-11T22:30:00+00:00,Brasileirao,False
Atalanta,Venezia,2026-10-12T16:30:00+00:00,Serie_A,False
Torino,Udinese,2026-10-12T18:45:00+00:00,Serie_A,False
Coventry City,Newcastle United,2026-10-12T19:00:00+00:00,Premier_League,False
Levante UD,Sevilla,2026-10-12T19:00:00+00:00,La_Liga,False
Coritiba,Botafogo,2026-10-12T19:00:00+00:00,Brasileirao,False
Chapecoense,Athletico,2026-10-12T22:30:00+00:00,Brasileirao,False
Red Bull Bragantino,Cruzeiro,2026-10-13T00:00:00+00:00,Brasileirao,False
RC Lens,Sporting CP,2026-10-13T16:45:00+00:00,Champions_League,False
Sabah FK,SK Slavia Praha,2026-10-13T16:45:00+00:00,Champions_League,False
Bristol City,Blackburn Rovers,2026-10-13T18:45:00+00:00,Championship,False
Burnley,Charlton Athletic,2026-10-13T18:45:00+00:00,Championship,False
Cardiff City,Watford,2026-10-13T18:45:00+00:00,Championship,False
Millwall,Swansea City,2026-10-13T18:45:00+00:00,Championship,False
Wolverhampton,Bolton Wanderers,2026-10-13T18:45:00+00:00,Championship,False
Wrexham,West Bromwich Albion,2026-10-13T18:45:00+00:00,Championship,False
Villarreal,SSC Napoli,2026-10-13T19:00:00+00:00,Champions_League,False
RB Leipzig,PSV Eindhoven,2026-10-13T19:00:00+00:00,Champions_League,False
Viking FK,FC Bayern München,2026-10-13T19:00:00+00:00,Champions_League,False
Galatasaray,FC Barcelona,2026-10-13T19:00:00+00:00,Champions_League,False
Birmingham City,Preston North End,2026-10-13T19:00:00+00:00,Championship,False
Inter,Club Brugge KV,2026-10-13T19:00:00+00:00,Champions_League,False
Stoke City,Middlesbrough,2026-10-13T19:00:00+00:00,Championship,False
Atlético Madrid,Manchester United,2026-10-13T19:00:00+00:00,Champions_League,False
Arsenal,Lille,2026-10-13T19:00:00+00:00,Champions_League,False
Feyenoord,Como,2026-10-14T16:45:00+00:00,Champions_League,False
LASK,Liverpool FC,2026-10-14T16:45:00+00:00,Champions_League,False
Queens Park Rangers,Derby County,2026-10-14T18:45:00+00:00,Championship,False
Portsmouth,Sheffield United,2026-10-14T18:45:00+00:00,Championship,False
Norwich City,Southampton,2026-10-14T18:45:00+00:00,Championship,False
AS Roma,Real Madrid,2026-10-14T19:00:00+00:00,Champions_League,False
Aston Villa,Fenerbahçe,2026-10-14T19:00:00+00:00,Champions_League,False
Real Betis,FC Porto,2026-10-14T19:00:00+00:00,Champions_League,False
ŠK Slovan Bratislava,VfB Stuttgart,2026-10-14T19:00:00+00:00,Champions_League,False
Manchester City,Paris Saint-Germain,2026-10-14T19:00:00+00:00,Champions_League,False
Bodø/Glimt,Borussia Dortmund,2026-10-14T19:00:00+00:00,Champions_League,False
Shakhtar Donetsk,AEK Athens,2026-10-14T19:00:00+00:00,Champions_League,False
Lincoln City,West Ham United,2026-10-14T19:00:00+00:00,Championship,False
Holstein Kiel,Hertha BSC,2026-10-16T16:30:00+00:00,Bundesliga_2,False
Energie Cottbus,1. FC Nürnberg,2026-10-16T16:30:00+00:00,Bundesliga_2,False
SK Rapid Wien,TSV Hartberg,2026-10-16T17:30:00+00:00,Austrian_Bundesliga,False
SC Heerenveen,Excelsior,2026-10-16T18:00:00+00:00,Eredivisie,False
Eintracht Frankfurt,1. FC Köln,2026-10-16T18:30:00+00:00,Bundesliga,False
Frosinone,Sassuolo,2026-10-16T18:45:00+00:00,Serie_A,False
Le Mans,Toulouse,2026-10-16T18:45:00+00:00,Ligue_1,False
Deportivo de A Coruña,Levante UD,2026-10-16T19:00:00+00:00,La_Liga,False
Burnley,Wolverhampton,2026-10-16T19:00:00+00:00,Championship,False
1. FC Kaiserslautern,VfL Bochum 1848,2026-10-17T11:00:00+00:00,Bundesliga_2,False
VfL Wolfsburg,1. FC Heidenheim,2026-10-17T11:00:00+00:00,Bundesliga_2,False
SpVgg Greuther Fürth,Eintracht Braunschweig,2026-10-17T11:00:00+00:00,Bundesliga_2,False
Watford,Charlton Athletic,2026-10-17T11:30:00+00:00,Championship,False
Everton,Chelsea,2026-10-17T11:30:00+00:00,Premier_League,False
Millwall,Lincoln City,2026-10-17T11:30:00+00:00,Championship,False
Middlesbrough,Cardiff City,2026-10-17T11:30:00+00:00,Championship,False
Espanyol,Atlético Madrid,2026-10-17T12:00:00+00:00,La_Liga,False
Venezia,SSC Napoli,2026-10-17T13:00:00+00:00,Serie_A,False
Hamburger SV,VfB Stuttgart,2026-10-17T13:30:00+00:00,Bundesliga,False
FC Schalke 04,1. FSV Mainz 05,2026-10-17T13:30:00+00:00,Bundesliga,False
1. FC Union Berlin,Borussia Dortmund,2026-10-17T13:30:00+00:00,Bundesliga,False
SV Werder Bremen,SC Paderborn 07,2026-10-17T13:30:00+00:00,Bundesliga,False
SV 07 Elversberg,FC Augsburg,2026-10-17T13:30:00+00:00,Bundesliga,False
Bristol City,Sheffield United,2026-10-17T14:00:00+00:00,Championship,False
Norwich City,Portsmouth,2026-10-17T14:00:00+00:00,Championship,False
Southampton,Bolton Wanderers,2026-10-17T14:00:00+00:00,Championship,False
Brentford,Liverpool FC,2026-10-17T14:00:00+00:00,Premier_League,False
Swansea City,West Ham United,2026-10-17T14:00:00+00:00,Championship,False
West Bromwich Albion,Blackburn Rovers,2026-10-17T14:00:00+00:00,Championship,False
Wrexham,Preston North End,2026-10-17T14:00:00+00:00,Championship,False
Fulham,Hull City,2026-10-17T14:00:00+00:00,Premier_League,False
Manchester City,Ipswich Town,2026-10-17T14:00:00+00:00,Premier_League,False
Birmingham City,Queens Park Rangers,2026-10-17T14:00:00+00:00,Championship,False
Derby County,Stoke City,2026-10-17T14:00:00+00:00,Championship,False
Villarreal,Elche,2026-10-17T14:15:00+00:00,La_Liga,False
ADO Den Haag,PSV Eindhoven,2026-10-17T14:30:00+00:00,Eredivisie,False
CFFA,Young Africans SC,2026-10-17T15:00:00+00:00,CAF_CL,False
Star Sport Academy,RS Berkane,2026-10-17T15:00:00+00:00,CAF_CL,False
Enugu Rangers International,MC Alger,2026-10-17T15:00:00+00:00,CAF_CL,False
African Stars FC,Orlando Pirates,2026-10-17T15:00:00+00:00,CAF_CL,False
APR FC,Zamalek SC,2026-10-17T15:00:00+00:00,CAF_CL,False
SC Austria Lustenau,LASK,2026-10-17T15:00:00+00:00,Austrian_Bundesliga,False
Scottland FC,Atlético Petróleos de Luanda,2026-10-17T15:00:00+00:00,CAF_CL,False
Tout Puissant Mazembe,Club Africain,2026-10-17T15:00:00+00:00,CAF_CL,False
Wiliete SC,Mamelodi Sundowns,2026-10-17T15:00:00+00:00,CAF_CL,False
RC Strasbourg,Paris Saint-Germain,2026-10-17T15:15:00+00:00,Ligue_1,False
Bologna,Inter,2026-10-17T16:00:00+00:00,Serie_A,False
Newcastle United,Aston Villa,2026-10-17T16:30:00+00:00,Premier_League,False
Real Betis,FC Barcelona,2026-10-17T16:30:00+00:00,La_Liga,False
FC Bayern München,RB Leipzig,2026-10-17T16:30:00+00:00,Bundesliga,False
SV Ried,FK Austria Wien,2026-10-17T17:30:00+00:00,Austrian_Bundesliga,False
SC Telstar,Feyenoord,2026-10-17T18:00:00+00:00,Eredivisie,False
Hannover 96,FC St. Pauli,2026-10-17T18:30:00+00:00,Bundesliga_2,False
Troyes,RC Lens,2026-10-17T18:45:00+00:00,Ligue_1,False
AS Roma,Genoa,2026-10-17T18:45:00+00:00,Serie_A,False
Lille,Stade Brestois,2026-10-17T18:45:00+00:00,Ligue_1,False
Valencia,Athletic Club,2026-10-17T19:00:00+00:00,La_Liga,False
Sparta Rotterdam,Willem II Tilburg,2026-10-17T19:00:00+00:00,Eredivisie,False
PEC Zwolle,Go Ahead Eagles,2026-10-18T10:15:00+00:00,Eredivisie,False
Udinese,Lecce,2026-10-18T10:30:00+00:00,Serie_A,False
SG Dynamo Dresden,1. FC Magdeburg,2026-10-18T11:30:00+00:00,Bundesliga_2,False
Arminia Bielefeld,VfL Osnabrück,2026-10-18T11:30:00+00:00,Bundesliga_2,False
Karlsruher SC,Darmstadt 98,2026-10-18T11:30:00+00:00,Bundesliga_2,False
Osasuna,Real Racing Club,2026-10-18T12:00:00+00:00,La_Liga,False
Red Bull Salzburg,SCR Altach,2026-10-18T12:30:00+00:00,Austrian_Bundesliga,False
Wolfsberger AC,WSG Tirol,2026-10-18T12:30:00+00:00,Austrian_Bundesliga,False
SC Cambuur,AZ Alkmaar,2026-10-18T12:30:00+00:00,Eredivisie,False
Leeds United,Manchester United,2026-10-18T13:00:00+00:00,Premier_League,False
Angers,Olympique de Marseille,2026-10-18T13:00:00+00:00,Ligue_1,False
Fiorentina,Como,2026-10-18T13:00:00+00:00,Serie_A,False
Bournemouth,Sunderland,2026-10-18T13:00:00+00:00,Premier_League,False
Brighton & Hove Albion,Crystal Palace,2026-10-18T13:00:00+00:00,Premier_League,False
Bayer 04 Leverkusen,SC Freiburg,2026-10-18T13:30:00+00:00,Bundesliga,False
Celta Vigo,Deportivo Alavés,2026-10-18T14:15:00+00:00,La_Liga,False
FC Groningen,AFC Ajax,2026-10-18T14:45:00+00:00,Eredivisie,False
SK Sturm Graz,Grazer AK 1902,2026-10-18T15:00:00+00:00,Austrian_Bundesliga,False
Paris FC,Stade Rennais,2026-10-18T15:15:00+00:00,Ligue_1,False
Le Havre,Auxerre,2026-10-18T15:15:00+00:00,Ligue_1,False
Lorient,AS Monaco,2026-10-18T15:15:00+00:00,Ligue_1,False
Borussia M'gladbach,TSG Hoffenheim,2026-10-18T15:30:00+00:00,Bundesliga,False
Nottingham Forest,Arsenal,2026-10-18T15:30:00+00:00,Premier_League,False
AC Milan,Atalanta,2026-10-18T16:00:00+00:00,Serie_A,False
Málaga CF,Real Sociedad,2026-10-18T16:30:00+00:00,La_Liga,False
Grêmio,Cruzeiro,2026-10-18T18:00:00+00:00,Brasileirao,False
Athletico,Palmeiras,2026-10-18T18:00:00+00:00,Brasileirao,False
FC Twente,FC Utrecht,2026-10-18T18:00:00+00:00,Eredivisie,False
NEC Nijmegen,Fortuna Sittard,2026-10-18T18:00:00+00:00,Eredivisie,False
Atlético Mineiro,Coritiba,2026-10-18T18:00:00+00:00,Brasileirao,False
Bahia,Flamengo,2026-10-18T18:00:00+00:00,Brasileirao,False
Fluminense,Santos,2026-10-18T18:00:00+00:00,Brasileirao,False
Botafogo,Chapecoense,2026-10-18T18:00:00+00:00,Brasileirao,False
São Paulo,Vasco da Gama,2026-10-18T18:00:00+00:00,Brasileirao,False
Remo,Red Bull Bragantino,2026-10-18T18:00:00+00:00,Brasileirao,False
Mirassol,Internacional,2026-10-18T18:00:00+00:00,Brasileirao,False
Corinthians,Vitória,2026-10-18T18:00:00+00:00,Brasileirao,False
Olympique Lyonnais,Nice,2026-10-18T18:45:00+00:00,Ligue_1,False
Juventus,Lazio,2026-10-18T18:45:00+00:00,Serie_A,False
Real Madrid,Sevilla,2026-10-18T19:00:00+00:00,La_Liga,False
Monza,Cagliari,2026-10-19T16:30:00+00:00,Serie_A,False
Parma,Torino,2026-10-19T18:45:00+00:00,Serie_A,False
Tottenham Hotspur,Coventry City,2026-10-19T19:00:00+00:00,Premier_League,False
Getafe,Rayo Vallecano,2026-10-19T19:00:00+00:00,La_Liga,False
Sabah FK,Borussia Dortmund,2026-10-20T16:45:00+00:00,Champions_League,False
Fenerbahçe,SK Slavia Praha,2026-10-20T16:45:00+00:00,Champions_League,False
Wolverhampton,Portsmouth,2026-10-20T18:45:00+00:00,Championship,False
VfB Stuttgart,Atlético Madrid,2026-10-20T19:00:00+00:00,Champions_League,False
AS Roma,ŠK Slovan Bratislava,2026-10-20T19:00:00+00:00,Champions_League,False
FC Porto,PSV Eindhoven,2026-10-20T19:00:00+00:00,Champions_League,False
SSC Napoli,Bodø/Glimt,2026-10-20T19:00:00+00:00,Champions_League,False
Paris Saint-Germain,FC Barcelona,2026-10-20T19:00:00+00:00,Champions_League,False
Manchester City,AEK Athens,2026-10-20T19:00:00+00:00,Champions_League,False
Liverpool FC,Villarreal,2026-10-20T19:00:00+00:00,Champions_League,False
Lille,Galatasaray,2026-10-21T16:45:00+00:00,Champions_League,False
Como,Manchester United,2026-10-21T16:45:00+00:00,Champions_League,False
Levante UD,Athletic Club,2026-10-21T18:00:00+00:00,La_Liga,False
Sporting CP,LASK,2026-10-21T19:00:00+00:00,Champions_League,False
Real Betis,Feyenoord,2026-10-21T19:00:00+00:00,Champions_League,False
Aston Villa,Viking FK,2026-10-21T19:00:00+00:00,Champions_League,False
FC Bayern München,Arsenal,2026-10-21T19:00:00+00:00,Champions_League,False
Inter,Shakhtar Donetsk,2026-10-21T19:00:00+00:00,Champions_League,False
Real Madrid,RB Leipzig,2026-10-21T19:00:00+00:00,Champions_League,False
Club Brugge KV,RC Lens,2026-10-21T19:00:00+00:00,Champions_League,False
Darmstadt 98,FC St. Pauli,2026-10-23T16:30:00+00:00,Bundesliga_2,False
VfL Bochum 1848,VfL Wolfsburg,2026-10-23T16:30:00+00:00,Bundesliga_2,False
SCR Altach,FK Austria Wien,2026-10-23T17:30:00+00:00,Austrian_Bundesliga,False
Go Ahead Eagles,SC Telstar,2026-10-23T18:00:00+00:00,Eredivisie,False
VfB Stuttgart,Borussia M'gladbach,2026-10-23T18:30:00+00:00,Bundesliga,False
Torino,Monza,2026-10-23T18:45:00+00:00,Serie_A,False
Stade Brestois,Nice,2026-10-23T18:45:00+00:00,Ligue_1,False
Bolton Wanderers,Middlesbrough,2026-10-23T19:00:00+00:00,Championship,False
Deportivo Alavés,Málaga CF,2026-10-23T19:00:00+00:00,La_Liga,False
Ipswich Town,Nottingham Forest,2026-10-23T19:00:00+00:00,Premier_League,False
1. FC Magdeburg,Karlsruher SC,2026-10-24T11:00:00+00:00,Bundesliga_2,False
1. FC Heidenheim,Energie Cottbus,2026-10-24T11:00:00+00:00,Bundesliga_2,False
Hertha BSC,Arminia Bielefeld,2026-10-24T11:00:00+00:00,Bundesliga_2,False
Aston Villa,Manchester City,2026-10-24T11:30:00+00:00,Premier_League,False
Charlton Athletic,Norwich City,2026-10-24T11:30:00+00:00,Championship,False
Portsmouth,Millwall,2026-10-24T11:30:00+00:00,Championship,False
Sheffield United,Derby County,2026-10-24T11:30:00+00:00,Championship,False
Rayo Vallecano,Elche,2026-10-24T12:00:00+00:00,La_Liga,False
Como,Sassuolo,2026-10-24T13:00:00+00:00,Serie_A,False
Cagliari,Bologna,2026-10-24T13:00:00+00:00,Serie_A,False
SC Paderborn 07,Hamburger SV,2026-10-24T13:30:00+00:00,Bundesliga,False
RB Leipzig,SV 07 Elversberg,2026-10-24T13:30:00+00:00,Bundesliga,False
FC Augsburg,1. FC Union Berlin,2026-10-24T13:30:00+00:00,Bundesliga,False
1. FSV Mainz 05,SV Werder Bremen,2026-10-24T13:30:00+00:00,Bundesliga,False
1. FC Köln,FC Schalke 04,2026-10-24T13:30:00+00:00,Bundesliga,False
Blackburn Rovers,Wrexham,2026-10-24T14:00:00+00:00,Championship,False
Cardiff City,Birmingham City,2026-10-24T14:00:00+00:00,Championship,False
Lincoln City,Burnley,2026-10-24T14:00:00+00:00,Championship,False
Preston North End,West Bromwich Albion,2026-10-24T14:00:00+00:00,Championship,False
Queens Park Rangers,Swansea City,2026-10-24T14:00:00+00:00,Championship,False
Arsenal,Everton,2026-10-24T14:00:00+00:00,Premier_League,False
West Ham United,Southampton,2026-10-24T14:00:00+00:00,Championship,False
Wolverhampton,Watford,2026-10-24T14:00:00+00:00,Championship,False
Stoke City,Bristol City,2026-10-24T14:00:00+00:00,Championship,False
Coventry City,Fulham,2026-10-24T14:00:00+00:00,Premier_League,False
Real Racing Club,Espanyol,2026-10-24T14:15:00+00:00,La_Liga,False
FC Utrecht,PEC Zwolle,2026-10-24T14:30:00+00:00,Eredivisie,False
WSG Tirol,Grazer AK 1902,2026-10-24T15:00:00+00:00,Austrian_Bundesliga,False
TSV Hartberg,Wolfsberger AC,2026-10-24T15:00:00+00:00,Austrian_Bundesliga,False
Atlético Petróleos de Luanda,Scottland FC,2026-10-24T15:00:00+00:00,CAF_CL,False
Mamelodi Sundowns,Wiliete SC,2026-10-24T15:00:00+00:00,CAF_CL,False
Club Africain,Tout Puissant Mazembe,2026-10-24T15:00:00+00:00,CAF_CL,False
Orlando Pirates,African Stars FC,2026-10-24T15:00:00+00:00,CAF_CL,False
Zamalek SC,APR FC,2026-10-24T15:00:00+00:00,CAF_CL,False
MC Alger,Enugu Rangers International,2026-10-24T15:00:00+00:00,CAF_CL,False
Young Africans SC,CFFA,2026-10-24T15:00:00+00:00,CAF_CL,False
RS Berkane,Star Sport Academy,2026-10-24T15:00:00+00:00,CAF_CL,False
Toulouse,Troyes,2026-10-24T15:15:00+00:00,Ligue_1,False
SSC Napoli,AS Roma,2026-10-24T16:00:00+00:00,Serie_A,False
Chelsea,Tottenham Hotspur,2026-10-24T16:30:00+00:00,Premier_League,False
Borussia Dortmund,Eintracht Frankfurt,2026-10-24T16:30:00+00:00,Bundesliga,False
Valencia,Villarreal,2026-10-24T16:30:00+00:00,La_Liga,False
Willem II Tilburg,SC Cambuur,2026-10-24T16:45:00+00:00,Eredivisie,False
SK Rapid Wien,SC Austria Lustenau,2026-10-24T17:30:00+00:00,Austrian_Bundesliga,False
1. FC Nürnberg,1. FC Kaiserslautern,2026-10-24T18:30:00+00:00,Bundesliga_2,False
Lazio,Parma,2026-10-24T18:45:00+00:00,Serie_A,False
RC Lens,Paris FC,2026-10-24T18:45:00+00:00,Ligue_1,False
Atlético Madrid,Deportivo de A Coruña,2026-10-24T19:00:00+00:00,La_Liga,False
ADO Den Haag,SC Heerenveen,2026-10-24T19:00:00+00:00,Eredivisie,False
Fortuna Sittard,Excelsior,2026-10-25T11:15:00+00:00,Eredivisie,False
Inter,Fiorentina,2026-10-25T11:30:00+00:00,Serie_A,False
Eintracht Braunschweig,Hannover 96,2026-10-25T12:30:00+00:00,Bundesliga_2,False
Holstein Kiel,SG Dynamo Dresden,2026-10-25T12:30:00+00:00,Bundesliga_2,False
VfL Osnabrück,SpVgg Greuther Fürth,2026-10-25T12:30:00+00:00,Bundesliga_2,False
Athletic Club,Getafe,2026-10-25T13:00:00+00:00,La_Liga,False
SK Sturm Graz,SV Ried,2026-10-25T13:30:00+00:00,Austrian_Bundesliga,False
NEC Nijmegen,FC Groningen,2026-10-25T13:30:00+00:00,Eredivisie,False
PSV Eindhoven,Feyenoord,2026-10-25T13:30:00+00:00,Eredivisie,False
Hull City,Brentford,2026-10-25T14:00:00+00:00,Premier_League,False
Liverpool FC,Brighton & Hove Albion,2026-10-25T14:00:00+00:00,Premier_League,False
Crystal Palace,Newcastle United,2026-10-25T14:00:00+00:00,Premier_League,False
Atalanta,Frosinone,2026-10-25T14:00:00+00:00,Serie_A,False
Manchester United,Bournemouth,2026-10-25T14:00:00+00:00,Premier_League,False
AS Monaco,Lille,2026-10-25T14:00:00+00:00,Ligue_1,False
Genoa,Venezia,2026-10-25T14:00:00+00:00,Serie_A,False
TSG Hoffenheim,Bayer 04 Leverkusen,2026-10-25T14:30:00+00:00,Bundesliga,False
Celta Vigo,Real Betis,2026-10-25T15:15:00+00:00,La_Liga,False
Sparta Rotterdam,AFC Ajax,2026-10-25T15:45:00+00:00,Eredivisie,False
LASK,Red Bull Salzburg,2026-10-25T16:00:00+00:00,Austrian_Bundesliga,False
Olympique de Marseille,Le Havre,2026-10-25T16:15:00+00:00,Ligue_1,False
Stade Rennais,RC Strasbourg,2026-10-25T16:15:00+00:00,Ligue_1,False
Auxerre,Le Mans,2026-10-25T16:15:00+00:00,Ligue_1,False
Angers,Lorient,2026-10-25T16:15:00+00:00,Ligue_1,False
Sunderland,Leeds United,2026-10-25T16:30:00+00:00,Premier_League,False
SC Freiburg,FC Bayern München,2026-10-25T16:30:00+00:00,Bundesliga,False
Lecce,Juventus,2026-10-25T17:00:00+00:00,Serie_A,False
Real Sociedad,Levante UD,2026-10-25T17:30:00+00:00,La_Liga,False
Vitória,Athletico,2026-10-25T18:00:00+00:00,Brasileirao,False
Santos,Bahia,2026-10-25T18:00:00+00:00,Brasileirao,False
Palmeiras,Red Bull Bragantino,2026-10-25T18:00:00+00:00,Brasileirao,False
Mirassol,São Paulo,2026-10-25T18:00:00+00:00,Brasileirao,False
Vasco da Gama,Corinthians,2026-10-25T18:00:00+00:00,Brasileirao,False
Cruzeiro,Remo,2026-10-25T18:00:00+00:00,Brasileirao,False
Coritiba,Grêmio,2026-10-25T18:00:00+00:00,Brasileirao,False
Chapecoense,Fluminense,2026-10-25T18:00:00+00:00,Brasileirao,False
Internacional,Botafogo,2026-10-25T18:00:00+00:00,Brasileirao,False
Flamengo,Atlético Mineiro,2026-10-25T18:00:00+00:00,Brasileirao,False
AZ Alkmaar,FC Twente,2026-10-25T19:00:00+00:00,Eredivisie,False
Udinese,AC Milan,2026-10-25T19:45:00+00:00,Serie_A,False
Paris Saint-Germain,Olympique Lyonnais,2026-10-25T19:45:00+00:00,Ligue_1,False
FC Barcelona,Real Madrid,2026-10-25T20:00:00+00:00,La_Liga,False
Sevilla,Osasuna,2026-10-26T20:00:00+00:00,La_Liga,False
Sassuolo,Lazio,2026-10-27T17:30:00+00:00,Serie_A,False
Torino,Como,2026-10-27T19:45:00+00:00,Serie_A,False
AS Roma,Cagliari,2026-10-27T19:45:00+00:00,Serie_A,False
AC Milan,Bologna,2026-10-28T17:30:00+00:00,Serie_A,False
Parma,Udinese,2026-10-28T17:30:00+00:00,Serie_A,False
Venezia,Inter,2026-10-28T17:30:00+00:00,Serie_A,False
Santos,Palmeiras,2026-10-28T18:00:00+00:00,Brasileirao,False
Coritiba,Vitória,2026-10-28T18:00:00+00:00,Brasileirao,False
Fluminense,Internacional,2026-10-28T18:00:00+00:00,Brasileirao,False
Grêmio,Athletico,2026-10-28T18:00:00+00:00,Brasileirao,False
Red Bull Bragantino,Chapecoense,2026-10-28T18:00:00+00:00,Brasileirao,False
Remo,Botafogo,2026-10-28T18:00:00+00:00,Brasileirao,False
Vasco da Gama,Flamengo,2026-10-28T18:00:00+00:00,Brasileirao,False
Bahia,São Paulo,2026-10-28T18:00:00+00:00,Brasileirao,False
Atlético Mineiro,Cruzeiro,2026-10-28T18:00:00+00:00,Brasileirao,False
Corinthians,Mirassol,2026-10-28T18:00:00+00:00,Brasileirao,False
Genoa,Juventus,2026-10-28T19:45:00+00:00,Serie_A,False
Monza,SSC Napoli,2026-10-28T19:45:00+00:00,Serie_A,False
Frosinone,Lecce,2026-10-29T17:30:00+00:00,Serie_A,False
Fiorentina,Atalanta,2026-10-29T19:45:00+00:00,Serie_A,False
Arminia Bielefeld,Eintracht Braunschweig,2026-10-30T17:30:00+00:00,Bundesliga_2,False
Energie Cottbus,VfL Bochum 1848,2026-10-30T17:30:00+00:00,Bundesliga_2,False
Le Havre,Paris Saint-Germain,2026-10-30T18:00:00+00:00,Ligue_1,False
Grazer AK 1902,TSV Hartberg,2026-10-30T18:30:00+00:00,Austrian_Bundesliga,False
SV 07 Elversberg,1. FSV Mainz 05,2026-10-30T19:30:00+00:00,Bundesliga,False
Sheffield United,Wrexham,2026-10-30T20:00:00+00:00,Championship,False
Lille,RC Lens,2026-10-30T20:05:00+00:00,Ligue_1,False
VfL Wolfsburg,VfL Osnabrück,2026-10-31T12:00:00+00:00,Bundesliga_2,False
1. FC Kaiserslautern,Hertha BSC,2026-10-31T12:00:00+00:00,Bundesliga_2,False
Darmstadt 98,1. FC Magdeburg,2026-10-31T12:00:00+00:00,Bundesliga_2,False
Lincoln City,Birmingham City,2026-10-31T12:30:00+00:00,Championship,False
Norwich City,Watford,2026-10-31T12:30:00+00:00,Championship,False
Stoke City,Preston North End,2026-10-31T12:30:00+00:00,Championship,False
Chelsea,Manchester United,2026-10-31T12:30:00+00:00,Premier_League,False
Bologna,Monza,2026-10-31T14:00:00+00:00,Serie_A,False
FC Augsburg,SC Freiburg,2026-10-31T14:30:00+00:00,Bundesliga,False
FC Schalke 04,RB Leipzig,2026-10-31T14:30:00+00:00,Bundesliga,False
SV Werder Bremen,TSG Hoffenheim,2026-10-31T14:30:00+00:00,Bundesliga,False
Bayer 04 Leverkusen,VfB Stuttgart,2026-10-31T14:30:00+00:00,Bundesliga,False
Borussia M'gladbach,SC Paderborn 07,2026-10-31T14:30:00+00:00,Bundesliga,False
Southampton,Queens Park Rangers,2026-10-31T15:00:00+00:00,Championship,False
Swansea City,Blackburn Rovers,2026-10-31T15:00:00+00:00,Championship,False
West Ham United,West Bromwich Albion,2026-10-31T15:00:00+00:00,Championship,False
Bournemouth,Leeds United,2026-10-31T15:00:00+00:00,Premier_League,False
Wolverhampton,Cardiff City,2026-10-31T15:00:00+00:00,Championship,False
Brentford,Nottingham Forest,2026-10-31T15:00:00+00:00,Premier_League,False
Coventry City,Sunderland,2026-10-31T15:00:00+00:00,Premier_League,False
Middlesbrough,Charlton Athletic,2026-10-31T15:00:00+00:00,Championship,False
Manchester City,Brighton & Hove Albion,2026-10-31T15:00:00+00:00,Premier_League,False
Newcastle United,Everton,2026-10-31T15:00:00+00:00,Premier_League,False
Millwall,Derby County,2026-10-31T15:00:00+00:00,Championship,False
Bolton Wanderers,Bristol City,2026-10-31T15:00:00+00:00,Championship,False
Burnley,Portsmouth,2026-10-31T15:00:00+00:00,Championship,False
Hull City,Ipswich Town,2026-10-31T15:00:00+00:00,Premier_League,False
Feyenoord,Fortuna Sittard,2026-10-31T15:30:00+00:00,Eredivisie,False
SCR Altach,SV Ried,2026-10-31T16:00:00+00:00,Austrian_Bundesliga,False
Nice,Stade Rennais,2026-10-31T16:15:00+00:00,Ligue_1,False
Udinese,AS Roma,2026-10-31T17:00:00+00:00,Serie_A,False
FC Bayern München,Borussia Dortmund,2026-10-31T17:30:00+00:00,Bundesliga,False
Tottenham Hotspur,Crystal Palace,2026-10-31T17:30:00+00:00,Premier_League,False
SC Heerenveen,NEC Nijmegen,2026-10-31T17:45:00+00:00,Eredivisie,False
PSV Eindhoven,Willem II Tilburg,2026-10-31T17:45:00+00:00,Eredivisie,False
LASK,WSG Tirol,2026-10-31T18:30:00+00:00,Austrian_Bundesliga,False
Karlsruher SC,1. FC Heidenheim,2026-10-31T19:30:00+00:00,Bundesliga_2,False
Lorient,Stade Brestois,2026-10-31T19:45:00+00:00,Ligue_1,False
Olympique Lyonnais,Angers,2026-10-31T19:45:00+00:00,Ligue_1,False
Troyes,Le Mans,2026-10-31T19:45:00+00:00,Ligue_1,False
AC Milan,Inter,2026-10-31T19:45:00+00:00,Serie_A,False
AFC Ajax,AZ Alkmaar,2026-10-31T20:00:00+00:00,Eredivisie,False
SC Cambuur,Go Ahead Eagles,2026-10-31T20:00:00+00:00,Eredivisie,False
Aston Villa,Fulham,2026-10-31T20:00:00+00:00,Premier_League,False
PEC Zwolle,ADO Den Haag,2026-11-01T11:15:00+00:00,Eredivisie,False
Como,Venezia,2026-11-01T11:30:00+00:00,Serie_A,False
FC St. Pauli,1. FC Nürnberg,2026-11-01T12:30:00+00:00,Bundesliga_2,False
Hannover 96,SG Dynamo Dresden,2026-11-01T12:30:00+00:00,Bundesliga_2,False
SpVgg Greuther Fürth,Holstein Kiel,2026-11-01T12:30:00+00:00,Bundesliga_2,False
SC Telstar,FC Utrecht,2026-11-01T13:30:00+00:00,Eredivisie,False
Excelsior,FC Twente,2026-11-01T13:30:00+00:00,Eredivisie,False
Wolfsberger AC,SK Sturm Graz,2026-11-01T13:30:00+00:00,Austrian_Bundesliga,False
Red Bull Salzburg,SC Austria Lustenau,2026-11-01T13:30:00+00:00,Austrian_Bundesliga,False
Lazio,Cagliari,2026-11-01T14:00:00+00:00,Serie_A,False
RC Strasbourg,Auxerre,2026-11-01T14:00:00+00:00,Ligue_1,False
Frosinone,Torino,2026-11-01T14:00:00+00:00,Serie_A,False
1. FC Union Berlin,1. FC Köln,2026-11-01T14:30:00+00:00,Bundesliga,False
FC Groningen,Sparta Rotterdam,2026-11-01T15:45:00+00:00,Eredivisie,False
FK Austria Wien,SK Rapid Wien,2026-11-01T16:00:00+00:00,Austrian_Bundesliga,False
Paris FC,AS Monaco,2026-11-01T16:15:00+00:00,Ligue_1,False
Eintracht Frankfurt,Hamburger SV,2026-11-01T16:30:00+00:00,Bundesliga,False
Liverpool FC,Arsenal,2026-11-01T16:30:00+00:00,Premier_League,False
Lecce,Genoa,2026-11-01T17:00:00+00:00,Serie_A,False
Elche,Valencia,2026-11-01T19:00:00+00:00,La_Liga,False
FC Barcelona,Deportivo Alavés,2026-11-01T19:00:00+00:00,La_Liga,False
Getafe,Sevilla,2026-11-01T19:00:00+00:00,La_Liga,False
Levante UD,Atlético Madrid,2026-11-01T19:00:00+00:00,La_Liga,False
Rayo Vallecano,Celta Vigo,2026-11-01T19:00:00+00:00,La_Liga,False
Real Betis,Málaga CF,2026-11-01T19:00:00+00:00,La_Liga,False
Villarreal,Espanyol,2026-11-01T19:00:00+00:00,La_Liga,False
Deportivo de A Coruña,Osasuna,2026-11-01T19:00:00+00:00,La_Liga,False
Athletic Club,Real Sociedad,2026-11-01T19:00:00+00:00,La_Liga,False
Real Racing Club,Real Madrid,2026-11-01T19:00:00+00:00,La_Liga,False
Juventus,SSC Napoli,2026-11-01T19:45:00+00:00,Serie_A,False
Olympique de Marseille,Toulouse,2026-11-01T19:45:00+00:00,Ligue_1,False
Sassuolo,Fiorentina,2026-11-02T17:30:00+00:00,Serie_A,False
Atalanta,Parma,2026-11-02T19:45:00+00:00,Serie_A,False
Galatasaray,VfB Stuttgart,2026-11-03T17:45:00+00:00,Champions_League,False
Shakhtar Donetsk,Sporting CP,2026-11-03T17:45:00+00:00,Champions_League,False
Watford,Lincoln City,2026-11-03T19:45:00+00:00,Championship,False
Queens Park Rangers,Burnley,2026-11-03T19:45:00+00:00,Championship,False
Preston North End,Sheffield United,2026-11-03T19:45:00+00:00,Championship,False
Portsmouth,Swansea City,2026-11-03T19:45:00+00:00,Championship,False
Derby County,Norwich City,2026-11-03T19:45:00+00:00,Championship,False
Blackburn Rovers,Stoke City,2026-11-03T19:45:00+00:00,Championship,False
Charlton Athletic,Bolton Wanderers,2026-11-03T19:45:00+00:00,Championship,False
LASK,ŠK Slovan Bratislava,2026-11-03T20:00:00+00:00,Champions_League,False
Bodø/Glimt,Lille,2026-11-03T20:00:00+00:00,Champions_League,False
Feyenoord,Inter,2026-11-03T20:00:00+00:00,Champions_League,False
Villarreal,Paris Saint-Germain,2026-11-03T20:00:00+00:00,Champions_League,False
Manchester United,AS Roma,2026-11-03T20:00:00+00:00,Champions_League,False
Atlético Madrid,FC Bayern München,2026-11-03T20:00:00+00:00,Champions_League,False
FC Barcelona,Aston Villa,2026-11-03T20:00:00+00:00,Champions_League,False
West Bromwich Albion,Southampton,2026-11-03T20:00:00+00:00,Championship,False
Birmingham City,Millwall,2026-11-03T20:00:00+00:00,Championship,False
Fenerbahçe,Liverpool FC,2026-11-04T17:45:00+00:00,Champions_League,False
AEK Athens,Real Madrid,2026-11-04T17:45:00+00:00,Champions_League,False
Red Bull Bragantino,Santos,2026-11-04T18:00:00+00:00,Brasileirao,False
Palmeiras,Remo,2026-11-04T18:00:00+00:00,Brasileirao,False
Internacional,Coritiba,2026-11-04T18:00:00+00:00,Brasileirao,False
Botafogo,Atlético Mineiro,2026-11-04T18:00:00+00:00,Brasileirao,False
Cruzeiro,Bahia,2026-11-04T18:00:00+00:00,Brasileirao,False
Chapecoense,Mirassol,2026-11-04T18:00:00+00:00,Brasileirao,False
São Paulo,Corinthians,2026-11-04T18:00:00+00:00,Brasileirao,False
Athletico,Vasco da Gama,2026-11-04T18:00:00+00:00,Brasileirao,False
Flamengo,Grêmio,2026-11-04T18:00:00+00:00,Brasileirao,False
Vitória,Fluminense,2026-11-04T18:00:00+00:00,Brasileirao,False
Wrexham,Middlesbrough,2026-11-04T19:45:00+00:00,Championship,False
Cardiff City,West Ham United,2026-11-04T19:45:00+00:00,Championship,False
Viking FK,Sabah FK,2026-11-04T20:00:00+00:00,Champions_League,False
RC Lens,Como,2026-11-04T20:00:00+00:00,Champions_League,False
PSV Eindhoven,Club Brugge KV,2026-11-04T20:00:00+00:00,Champions_League,False
SK Slavia Praha,Arsenal,2026-11-04T20:00:00+00:00,Champions_League,False
RB Leipzig,Manchester City,2026-11-04T20:00:00+00:00,Champions_League,False
FC Porto,SSC Napoli,2026-11-04T20:00:00+00:00,Champions_League,False
Borussia Dortmund,Real Betis,2026-11-04T20:00:00+00:00,Champions_League,False
Bristol City,Wolverhampton,2026-11-04T20:00:00+00:00,Championship,False
SG Dynamo Dresden,SpVgg Greuther Fürth,2026-11-06T17:30:00+00:00,Bundesliga_2,False
Eintracht Braunschweig,Energie Cottbus,2026-11-06T17:30:00+00:00,Bundesliga_2,False
SK Rapid Wien,Wolfsberger AC,2026-11-06T18:30:00+00:00,Austrian_Bundesliga,False
Willem II Tilburg,PEC Zwolle,2026-11-06T19:00:00+00:00,Eredivisie,False
Hamburger SV,Borussia M'gladbach,2026-11-06T19:30:00+00:00,Bundesliga,False
Venezia,Udinese,2026-11-06T19:45:00+00:00,Serie_A,False
Toulouse,RC Strasbourg,2026-11-06T19:45:00+00:00,Ligue_1,False
Derby County,Bolton Wanderers,2026-11-06T20:00:00+00:00,Championship,False
Everton,Coventry City,2026-11-06T20:00:00+00:00,Premier_League,False
VfL Osnabrück,1. FC Kaiserslautern,2026-11-07T12:00:00+00:00,Bundesliga_2,False
Holstein Kiel,Arminia Bielefeld,2026-11-07T12:00:00+00:00,Bundesliga_2,False
1. FC Nürnberg,Darmstadt 98,2026-11-07T12:00:00+00:00,Bundesliga_2,False
Leeds United,Tottenham Hotspur,2026-11-07T12:30:00+00:00,Premier_League,False
Portsmouth,Stoke City,2026-11-07T12:30:00+00:00,Championship,False
Bristol City,Norwich City,2026-11-07T12:30:00+00:00,Championship,False
Wrexham,Wolverhampton,2026-11-07T12:30:00+00:00,Championship,False
Torino,Lecce,2026-11-07T14:00:00+00:00,Serie_A,False
Cagliari,Frosinone,2026-11-07T14:00:00+00:00,Serie_A,False
1. FSV Mainz 05,FC Bayern München,2026-11-07T14:30:00+00:00,Bundesliga,False
Borussia Dortmund,SV 07 Elversberg,2026-11-07T14:30:00+00:00,Bundesliga,False
RB Leipzig,FC Augsburg,2026-11-07T14:30:00+00:00,Bundesliga,False
SC Paderborn 07,Eintracht Frankfurt,2026-11-07T14:30:00+00:00,Bundesliga,False
Fulham,Newcastle United,2026-11-07T15:00:00+00:00,Premier_League,False
Birmingham City,Swansea City,2026-11-07T15:00:00+00:00,Championship,False
Blackburn Rovers,West Ham United,2026-11-07T15:00:00+00:00,Championship,False
Cardiff City,Burnley,2026-11-07T15:00:00+00:00,Championship,False
Charlton Athletic,Sheffield United,2026-11-07T15:00:00+00:00,Championship,False
Preston North End,Southampton,2026-11-07T15:00:00+00:00,Championship,False
Queens Park Rangers,Lincoln City,2026-11-07T15:00:00+00:00,Championship,False
Watford,Middlesbrough,2026-11-07T15:00:00+00:00,Championship,False
West Bromwich Albion,Millwall,2026-11-07T15:00:00+00:00,Championship,False
Arsenal,Hull City,2026-11-07T15:00:00+00:00,Premier_League,False
Fortuna Sittard,SC Telstar,2026-11-07T15:30:00+00:00,Eredivisie,False
SC Austria Lustenau,Grazer AK 1902,2026-11-07T16:00:00+00:00,Austrian_Bundesliga,False
Auxerre,Paris FC,2026-11-07T16:15:00+00:00,Ligue_1,False
Parma,Bologna,2026-11-07T17:00:00+00:00,Serie_A,False
VfB Stuttgart,SV Werder Bremen,2026-11-07T17:30:00+00:00,Bundesliga,False
Nottingham Forest,Manchester City,2026-11-07T17:30:00+00:00,Premier_League,False
ADO Den Haag,Sparta Rotterdam,2026-11-07T17:45:00+00:00,Eredivisie,False
SV Ried,LASK,2026-11-07T18:30:00+00:00,Austrian_Bundesliga,False
Hertha BSC,VfL Wolfsburg,2026-11-07T19:30:00+00:00,Bundesliga_2,False
AS Roma,Sassuolo,2026-11-07T19:45:00+00:00,Serie_A,False
Paris Saint-Germain,Troyes,2026-11-07T19:45:00+00:00,Ligue_1,False
Excelsior,Go Ahead Eagles,2026-11-07T20:00:00+00:00,Eredivisie,False
SC Heerenveen,Feyenoord,2026-11-08T11:15:00+00:00,Eredivisie,False
SSC Napoli,Lazio,2026-11-08T11:30:00+00:00,Serie_A,False
VfL Bochum 1848,Karlsruher SC,2026-11-08T12:30:00+00:00,Bundesliga_2,False
1. FC Magdeburg,FC St. Pauli,2026-11-08T12:30:00+00:00,Bundesliga_2,False
1. FC Heidenheim,Hannover 96,2026-11-08T12:30:00+00:00,Bundesliga_2,False
FC Twente,AFC Ajax,2026-11-08T13:30:00+00:00,Eredivisie,False
TSV Hartberg,SCR Altach,2026-11-08T13:30:00+00:00,Austrian_Bundesliga,False
WSG Tirol,FK Austria Wien,2026-11-08T13:30:00+00:00,Austrian_Bundesliga,False
Sunderland,Chelsea,2026-11-08T14:00:00+00:00,Premier_League,False
Stade Rennais,Lille,2026-11-08T14:00:00+00:00,Ligue_1,False
Genoa,AC Milan,2026-11-08T14:00:00+00:00,Serie_A,False
Brighton & Hove Albion,Brentford,2026-11-08T14:00:00+00:00,Premier_League,False
Monza,Atalanta,2026-11-08T14:00:00+00:00,Serie_A,False
Crystal Palace,Liverpool FC,2026-11-08T14:00:00+00:00,Premier_League,False
Ipswich Town,Bournemouth,2026-11-08T14:00:00+00:00,Premier_League,False
1. FC Köln,Bayer 04 Leverkusen,2026-11-08T14:30:00+00:00,Bundesliga,False
SC Cambuur,PSV Eindhoven,2026-11-08T15:45:00+00:00,Eredivisie,False
AZ Alkmaar,FC Groningen,2026-11-08T15:45:00+00:00,Eredivisie,False
SK Sturm Graz,Red Bull Salzburg,2026-11-08T16:00:00+00:00,Austrian_Bundesliga,False
Angers,Nice,2026-11-08T16:15:00+00:00,Ligue_1,False
Le Havre,Lorient,2026-11-08T16:15:00+00:00,Ligue_1,False
Le Mans,AS Monaco,2026-11-08T16:15:00+00:00,Ligue_1,False
Stade Brestois,Olympique Lyonnais,2026-11-08T16:15:00+00:00,Ligue_1,False
Manchester United,Aston Villa,2026-11-08T16:30:00+00:00,Premier_League,False
SC Freiburg,1. FC Union Berlin,2026-11-08T16:30:00+00:00,Bundesliga,False
Inter,Como,2026-11-08T17:00:00+00:00,Serie_A,False
TSG Hoffenheim,FC Schalke 04,2026-11-08T18:30:00+00:00,Bundesliga,False
FC Utrecht,NEC Nijmegen,2026-11-08T19:00:00+00:00,Eredivisie,False
Atlético Madrid,FC Barcelona,2026-11-08T19:00:00+00:00,La_Liga,False
Villarreal,Getafe,2026-11-08T19:00:00+00:00,La_Liga,False
Elche,Real Betis,2026-11-08T19:00:00+00:00,La_Liga,False
Espanyol,Deportivo de A Coruña,2026-11-08T19:00:00+00:00,La_Liga,False
Málaga CF,Real Racing Club,2026-11-08T19:00:00+00:00,La_Liga,False
Osasuna,Athletic Club,2026-11-08T19:00:00+00:00,La_Liga,False
Real Sociedad,Rayo Vallecano,2026-11-08T19:00:00+00:00,La_Liga,False
Celta Vigo,Levante UD,2026-11-08T19:00:00+00:00,La_Liga,False
Valencia,Real Madrid,2026-11-08T19:00:00+00:00,La_Liga,False
Sevilla,Deportivo Alavés,2026-11-08T19:00:00+00:00,La_Liga,False
Fiorentina,Juventus,2026-11-08T19:45:00+00:00,Serie_A,False
RC Lens,Olympique de Marseille,2026-11-08T19:45:00+00:00,Ligue_1,False
Türkiye,Belgium,2026-11-12T17:00:00+00:00,UNL,False
Armenia,Cyprus,2026-11-12T17:00:00+00:00,UNL,False
Czechia,Spain,2026-11-12T19:45:00+00:00,UNL,False
Italy,France,2026-11-12T19:45:00+00:00,UNL,False
England,Croatia,2026-11-12T19:45:00+00:00,UNL,False
Albania,Finland,2026-11-12T19:45:00+00:00,UNL,False
San Marino,Belarus,2026-11-12T19:45:00+00:00,UNL,False
Montenegro,Latvia,2026-11-12T19:45:00+00:00,UNL,False
Moldova,Kazakhstan,2026-11-13T17:00:00+00:00,UNL,False
Slovakia,Faroe Islands,2026-11-13T19:45:00+00:00,UNL,False
Slovenia,Switzerland,2026-11-13T19:45:00+00:00,UNL,False
Scotland,North Macedonia,2026-11-13T19:45:00+00:00,UNL,False
Serbia,Germany,2026-11-13T19:45:00+00:00,UNL,False
Andorra,Gibraltar,2026-11-13T19:45:00+00:00,UNL,False
Bulgaria,Iceland,2026-11-13T19:45:00+00:00,UNL,False
Liechtenstein,Azerbaijan,2026-11-13T19:45:00+00:00,UNL,False
Luxembourg,Estonia,2026-11-13T19:45:00+00:00,UNL,False
Netherlands,Greece,2026-11-13T19:45:00+00:00,UNL,False
Kosovo,Israel,2026-11-14T14:00:00+00:00,UNL,False
Norway,Wales,2026-11-14T17:00:00+00:00,UNL,False
Georgia,Hungary,2026-11-14T17:00:00+00:00,UNL,False
Portugal,Denmark,2026-11-14T19:45:00+00:00,UNL,False
Northern Ireland,Ukraine,2026-11-14T19:45:00+00:00,UNL,False
Austria,Ireland,2026-11-14T19:45:00+00:00,UNL,False
Romania,Poland,2026-11-14T19:45:00+00:00,UNL,False
Sweden,Bosnia & Herzegovina,2026-11-14T19:45:00+00:00,UNL,False
Cyprus,Montenegro,2026-11-15T14:00:00+00:00,UNL,False
Latvia,Armenia,2026-11-15T14:00:00+00:00,UNL,False
Belarus,Albania,2026-11-15T17:00:00+00:00,UNL,False
Finland,San Marino,2026-11-15T17:00:00+00:00,UNL,False
Belgium,Italy,2026-11-15T19:45:00+00:00,UNL,False
France,Türkiye,2026-11-15T19:45:00+00:00,UNL,False
Croatia,Czechia,2026-11-15T19:45:00+00:00,UNL,False
Spain,England,2026-11-15T19:45:00+00:00,UNL,False
Faroe Islands,Moldova,2026-11-16T15:00:00+00:00,UNL,False
Kazakhstan,Slovakia,2026-11-16T15:00:00+00:00,UNL,False
Estonia,Bulgaria,2026-11-16T17:00:00+00:00,UNL,False
Lithuania,Liechtenstein,2026-11-16T17:00:00+00:00,UNL,False
Iceland,Luxembourg,2026-11-16T17:00:00+00:00,UNL,False
Gibraltar,Malta,2026-11-16T19:45:00+00:00,UNL,False
Greece,Serbia,2026-11-16T19:45:00+00:00,UNL,False
North Macedonia,Slovenia,2026-11-16T19:45:00+00:00,UNL,False
Germany,Netherlands,2026-11-16T19:45:00+00:00,UNL,False
Switzerland,Scotland,2026-11-16T19:45:00+00:00,UNL,False
Ukraine,Georgia,2026-11-17T19:45:00+00:00,UNL,False
Hungary,Northern Ireland,2026-11-17T19:45:00+00:00,UNL,False
Poland,Sweden,2026-11-17T19:45:00+00:00,UNL,False
Bosnia & Herzegovina,Romania,2026-11-17T19:45:00+00:00,UNL,False
Denmark,Norway,2026-11-17T19:45:00+00:00,UNL,False
Wales,Portugal,2026-11-17T19:45:00+00:00,UNL,False
Ireland,Kosovo,2026-11-17T19:45:00+00:00,UNL,False
Israel,Austria,2026-11-17T19:45:00+00:00,UNL,False
Vitória,Red Bull Bragantino,2026-11-18T18:00:00+00:00,Brasileirao,False
Vasco da Gama,Internacional,2026-11-18T18:00:00+00:00,Brasileirao,False
Remo,Chapecoense,2026-11-18T18:00:00+00:00,Brasileirao,False
Mirassol,Atlético Mineiro,2026-11-18T18:00:00+00:00,Brasileirao,False
Grêmio,Bahia,2026-11-18T18:00:00+00:00,Brasileirao,False
Corinthians,Botafogo,2026-11-18T18:00:00+00:00,Brasileirao,False
Coritiba,Santos,2026-11-18T18:00:00+00:00,Brasileirao,False
Cruzeiro,Palmeiras,2026-11-18T18:00:00+00:00,Brasileirao,False
São Paulo,Fluminense,2026-11-18T18:00:00+00:00,Brasileirao,False
Flamengo,Athletico,2026-11-18T18:00:00+00:00,Brasileirao,False
Darmstadt 98,1. FC Heidenheim,2026-11-20T17:30:00+00:00,Bundesliga_2,False
Arminia Bielefeld,1. FC Magdeburg,2026-11-20T17:30:00+00:00,Bundesliga_2,False
FC Bayern München,1. FC Köln,2026-11-20T19:30:00+00:00,Bundesliga,False
Troyes,Le Havre,2026-11-20T19:45:00+00:00,Ligue_1,False
1. FC Nürnberg,Eintracht Braunschweig,2026-11-21T12:00:00+00:00,Bundesliga_2,False
VfL Wolfsburg,Holstein Kiel,2026-11-21T12:00:00+00:00,Bundesliga_2,False
Hannover 96,SpVgg Greuther Fürth,2026-11-21T12:00:00+00:00,Bundesliga_2,False
Millwall,Queens Park Rangers,2026-11-21T12:30:00+00:00,Championship,False
Norwich City,Cardiff City,2026-11-21T12:30:00+00:00,Championship,False
Southampton,Derby County,2026-11-21T12:30:00+00:00,Championship,False
Manchester City,Fulham,2026-11-21T12:30:00+00:00,Premier_League,False
Como,Cagliari,2026-11-21T14:00:00+00:00,Serie_A,False
Lazio,Lecce,2026-11-21T14:00:00+00:00,Serie_A,False
Eintracht Frankfurt,TSG Hoffenheim,2026-11-21T14:30:00+00:00,Bundesliga,False
1. FC Union Berlin,RB Leipzig,2026-11-21T14:30:00+00:00,Bundesliga,False
SV 07 Elversberg,SC Freiburg,2026-11-21T14:30:00+00:00,Bundesliga,False
Borussia M'gladbach,Borussia Dortmund,2026-11-21T14:30:00+00:00,Bundesliga,False
Bayer 04 Leverkusen,SC Paderborn 07,2026-11-21T14:30:00+00:00,Bundesliga,False
Stoke City,Birmingham City,2026-11-21T15:00:00+00:00,Championship,False
Sheffield United,Watford,2026-11-21T15:00:00+00:00,Championship,False
Middlesbrough,Bristol City,2026-11-21T15:00:00+00:00,Championship,False
Lincoln City,Wrexham,2026-11-21T15:00:00+00:00,Championship,False
Bolton Wanderers,Portsmouth,2026-11-21T15:00:00+00:00,Championship,False
Tottenham Hotspur,Ipswich Town,2026-11-21T15:00:00+00:00,Premier_League,False
Coventry City,Crystal Palace,2026-11-21T15:00:00+00:00,Premier_League,False
West Ham United,Preston North End,2026-11-21T15:00:00+00:00,Championship,False
Wolverhampton,Charlton Athletic,2026-11-21T15:00:00+00:00,Championship,False
Chelsea,Leeds United,2026-11-21T15:00:00+00:00,Premier_League,False
Brentford,Everton,2026-11-21T15:00:00+00:00,Premier_League,False
Bournemouth,Nottingham Forest,2026-11-21T15:00:00+00:00,Premier_League,False
Aston Villa,Sunderland,2026-11-21T15:00:00+00:00,Premier_League,False
Swansea City,West Bromwich Albion,2026-11-21T15:00:00+00:00,Championship,False
NEC Nijmegen,PSV Eindhoven,2026-11-21T15:30:00+00:00,Eredivisie,False
WSG Tirol,SC Austria Lustenau,2026-11-21T16:00:00+00:00,Austrian_Bundesliga,False
LASK,TSV Hartberg,2026-11-21T16:00:00+00:00,Austrian_Bundesliga,False
Nice,Paris Saint-Germain,2026-11-21T16:15:00+00:00,Ligue_1,False
Parma,AS Roma,2026-11-21T17:00:00+00:00,Serie_A,False
Newcastle United,Arsenal,2026-11-21T17:30:00+00:00,Premier_League,False
FC Schalke 04,VfB Stuttgart,2026-11-21T17:30:00+00:00,Bundesliga,False
Feyenoord,Excelsior,2026-11-21T17:45:00+00:00,Eredivisie,False
FC Utrecht,SC Cambuur,2026-11-21T17:45:00+00:00,Eredivisie,False
Grazer AK 1902,SK Rapid Wien,2026-11-21T18:30:00+00:00,Austrian_Bundesliga,False
FC St. Pauli,VfL Bochum 1848,2026-11-21T19:30:00+00:00,Bundesliga_2,False
SSC Napoli,Torino,2026-11-21T19:45:00+00:00,Serie_A,False
Lille,Olympique Lyonnais,2026-11-21T19:45:00+00:00,Ligue_1,False
RC Strasbourg,Stade Brestois,2026-11-21T19:45:00+00:00,Ligue_1,False
AS Monaco,Auxerre,2026-11-21T19:45:00+00:00,Ligue_1,False
RC Lens,Toulouse,2026-11-21T19:45:00+00:00,Ligue_1,False
SC Telstar,PEC Zwolle,2026-11-21T20:00:00+00:00,Eredivisie,False
FC Groningen,SC Heerenveen,2026-11-21T20:00:00+00:00,Eredivisie,False
FC Twente,Willem II Tilburg,2026-11-22T11:15:00+00:00,Eredivisie,False
Sassuolo,Genoa,2026-11-22T11:30:00+00:00,Serie_A,False
Burnley,Blackburn Rovers,2026-11-22T12:00:00+00:00,Championship,False
Energie Cottbus,Hertha BSC,2026-11-22T12:30:00+00:00,Bundesliga_2,False
Karlsruher SC,VfL Osnabrück,2026-11-22T12:30:00+00:00,Bundesliga_2,False
1. FC Kaiserslautern,SG Dynamo Dresden,2026-11-22T12:30:00+00:00,Bundesliga_2,False
Wolfsberger AC,SV Ried,2026-11-22T13:30:00+00:00,Austrian_Bundesliga,False
Sparta Rotterdam,AZ Alkmaar,2026-11-22T13:30:00+00:00,Eredivisie,False
SCR Altach,SK Sturm Graz,2026-11-22T13:30:00+00:00,Austrian_Bundesliga,False
AFC Ajax,ADO Den Haag,2026-11-22T13:30:00+00:00,Eredivisie,False
Paris FC,Angers,2026-11-22T14:00:00+00:00,Ligue_1,False
AC Milan,Frosinone,2026-11-22T14:00:00+00:00,Serie_A,False
Hull City,Brighton & Hove Albion,2026-11-22T14:00:00+00:00,Premier_League,False
FC Augsburg,1. FSV Mainz 05,2026-11-22T14:30:00+00:00,Bundesliga,False
Go Ahead Eagles,Fortuna Sittard,2026-11-22T15:45:00+00:00,Eredivisie,False
FK Austria Wien,Red Bull Salzburg,2026-11-22T16:00:00+00:00,Austrian_Bundesliga,False
Lorient,Stade Rennais,2026-11-22T16:15:00+00:00,Ligue_1,False
Liverpool FC,Manchester United,2026-11-22T16:30:00+00:00,Premier_League,False
SV Werder Bremen,Hamburger SV,2026-11-22T16:30:00+00:00,Bundesliga,False
Bologna,Udinese,2026-11-22T17:00:00+00:00,Serie_A,False
Internacional,Vitória,2026-11-22T18:00:00+00:00,Brasileirao,False
Chapecoense,Cruzeiro,2026-11-22T18:00:00+00:00,Brasileirao,False
Botafogo,São Paulo,2026-11-22T18:00:00+00:00,Brasileirao,False
Bahia,Coritiba,2026-11-22T18:00:00+00:00,Brasileirao,False
Atlético Mineiro,Corinthians,2026-11-22T18:00:00+00:00,Brasileirao,False
Athletico,Remo,2026-11-22T18:00:00+00:00,Brasileirao,False
Santos,Grêmio,2026-11-22T18:00:00+00:00,Brasileirao,False
Palmeiras,Flamengo,2026-11-22T18:00:00+00:00,Brasileirao,False
Red Bull Bragantino,Vasco da Gama,2026-11-22T18:00:00+00:00,Brasileirao,False
Fluminense,Mirassol,2026-11-22T18:00:00+00:00,Brasileirao,False
Real Madrid,Celta Vigo,2026-11-22T19:00:00+00:00,La_Liga,False
Osasuna,Málaga CF,2026-11-22T19:00:00+00:00,La_Liga,False
FC Barcelona,Villarreal,2026-11-22T19:00:00+00:00,La_Liga,False
Sevilla,Real Betis,2026-11-22T19:00:00+00:00,La_Liga,False
Athletic Club,Espanyol,2026-11-22T19:00:00+00:00,La_Liga,False
Deportivo Alavés,Deportivo de A Coruña,2026-11-22T19:00:00+00:00,La_Liga,False
Getafe,Atlético Madrid,2026-11-22T19:00:00+00:00,La_Liga,False
Rayo Vallecano,Valencia,2026-11-22T19:00:00+00:00,La_Liga,False
Levante UD,Elche,2026-11-22T19:00:00+00:00,La_Liga,False
Real Racing Club,Real Sociedad,2026-11-22T19:00:00+00:00,La_Liga,False
Atalanta,Inter,2026-11-22T19:45:00+00:00,Serie_A,False
Olympique de Marseille,Le Mans,2026-11-22T19:45:00+00:00,Ligue_1,False
Monza,Fiorentina,2026-11-23T17:30:00+00:00,Serie_A,False
Juventus,Venezia,2026-11-23T19:45:00+00:00,Serie_A,False
Bodø/Glimt,LASK,2026-11-24T17:45:00+00:00,Champions_League,False
Galatasaray,Aston Villa,2026-11-24T17:45:00+00:00,Champions_League,False
Sheffield United,Southampton,2026-11-24T19:45:00+00:00,Championship,False
Norwich City,Queens Park Rangers,2026-11-24T19:45:00+00:00,Championship,False
Bristol City,Wrexham,2026-11-24T19:45:00+00:00,Championship,False
Cardiff City,Preston North End,2026-11-24T19:45:00+00:00,Championship,False
Charlton Athletic,Lincoln City,2026-11-24T19:45:00+00:00,Championship,False
Middlesbrough,Swansea City,2026-11-24T19:45:00+00:00,Championship,False
Portsmouth,West Ham United,2026-11-24T19:45:00+00:00,Championship,False
Feyenoord,FC Porto,2026-11-24T20:00:00+00:00,Champions_League,False
ŠK Slovan Bratislava,Real Betis,2026-11-24T20:00:00+00:00,Champions_League,False
RB Leipzig,RC Lens,2026-11-24T20:00:00+00:00,Champions_League,False
Arsenal,Borussia Dortmund,2026-11-24T20:00:00+00:00,Champions_League,False
Real Madrid,PSV Eindhoven,2026-11-24T20:00:00+00:00,Champions_League,False
Manchester City,SSC Napoli,2026-11-24T20:00:00+00:00,Champions_League,False
Como,AEK Athens,2026-11-24T20:00:00+00:00,Champions_League,False
Wolverhampton,Derby County,2026-11-24T20:00:00+00:00,Championship,False
Sabah FK,FC Barcelona,2026-11-25T17:45:00+00:00,Champions_League,False
SK Slavia Praha,Villarreal,2026-11-25T17:45:00+00:00,Champions_League,False
Watford,Blackburn Rovers,2026-11-25T19:45:00+00:00,Championship,False
Burnley,Birmingham City,2026-11-25T19:45:00+00:00,Championship,False
Bolton Wanderers,West Bromwich Albion,2026-11-25T19:45:00+00:00,Championship,False
Lille,FC Bayern München,2026-11-25T20:00:00+00:00,Champions_League,False
Shakhtar Donetsk,Fenerbahçe,2026-11-25T20:00:00+00:00,Champions_League,False
Sporting CP,Manchester United,2026-11-25T20:00:00+00:00,Champions_League,False
Stoke City,Millwall,2026-11-25T20:00:00+00:00,Championship,False
Atlético Madrid,Viking FK,2026-11-25T20:00:00+00:00,Champions_League,False
Inter,VfB Stuttgart,2026-11-25T20:00:00+00:00,Champions_League,False
Club Brugge KV,Liverpool FC,2026-11-25T20:00:00+00:00,Champions_League,False
Paris Saint-Germain,AS Roma,2026-11-25T20:00:00+00:00,Champions_League,False
1. FC Heidenheim,1. FC Nürnberg,2026-11-27T17:30:00+00:00,Bundesliga_2,False
VfL Bochum 1848,Darmstadt 98,2026-11-27T17:30:00+00:00,Bundesliga_2,False
Grazer AK 1902,SCR Altach,2026-11-27T18:30:00+00:00,Austrian_Bundesliga,False
FC Groningen,Willem II Tilburg,2026-11-27T19:00:00+00:00,Eredivisie,False
SV Werder Bremen,Borussia M'gladbach,2026-11-27T19:30:00+00:00,Bundesliga,False
Stade Brestois,Paris FC,2026-11-27T19:45:00+00:00,Ligue_1,False
Southampton,Middlesbrough,2026-11-27T20:00:00+00:00,Championship,False
Nottingham Forest,Chelsea,2026-11-27T20:00:00+00:00,Premier_League,False
Hertha BSC,Karlsruher SC,2026-11-28T12:00:00+00:00,Bundesliga_2,False
SG Dynamo Dresden,FC St. Pauli,2026-11-28T12:00:00+00:00,Bundesliga_2,False
Holstein Kiel,1. FC Kaiserslautern,2026-11-28T12:00:00+00:00,Bundesliga_2,False
Preston North End,Norwich City,2026-11-28T12:30:00+00:00,Championship,False
Lincoln City,Wolverhampton,2026-11-28T12:30:00+00:00,Championship,False
Blackburn Rovers,Charlton Athletic,2026-11-28T12:30:00+00:00,Championship,False
Cagliari,AC Milan,2026-11-28T13:00:00+00:00,Serie_A,False
Como,Juventus,2026-11-28T13:00:00+00:00,Serie_A,False
AS Roma,Monza,2026-11-28T13:00:00+00:00,Serie_A,False
Frosinone,Parma,2026-11-28T13:00:00+00:00,Serie_A,False
Inter,Genoa,2026-11-28T13:00:00+00:00,Serie_A,False
Sassuolo,SSC Napoli,2026-11-28T13:00:00+00:00,Serie_A,False
Torino,Lazio,2026-11-28T13:00:00+00:00,Serie_A,False
Udinese,Fiorentina,2026-11-28T13:00:00+00:00,Serie_A,False
Venezia,Bologna,2026-11-28T13:00:00+00:00,Serie_A,False
Lecce,Atalanta,2026-11-28T13:00:00+00:00,Serie_A,False
1. FSV Mainz 05,1. FC Union Berlin,2026-11-28T14:30:00+00:00,Bundesliga,False
Hamburger SV,FC Bayern München,2026-11-28T14:30:00+00:00,Bundesliga,False
SC Paderborn 07,FC Schalke 04,2026-11-28T14:30:00+00:00,Bundesliga,False
1. FC Köln,SV 07 Elversberg,2026-11-28T14:30:00+00:00,Bundesliga,False
Millwall,Burnley,2026-11-28T15:00:00+00:00,Championship,False
Queens Park Rangers,Sheffield United,2026-11-28T15:00:00+00:00,Championship,False
Birmingham City,Bolton Wanderers,2026-11-28T15:00:00+00:00,Championship,False
Leeds United,Coventry City,2026-11-28T15:00:00+00:00,Premier_League,False
Manchester United,Brentford,2026-11-28T15:00:00+00:00,Premier_League,False
West Ham United,Stoke City,2026-11-28T15:00:00+00:00,Championship,False
Wrexham,Portsmouth,2026-11-28T15:00:00+00:00,Championship,False
West Bromwich Albion,Bristol City,2026-11-28T15:00:00+00:00,Championship,False
Derby County,Watford,2026-11-28T15:00:00+00:00,Championship,False
Excelsior,SC Telstar,2026-11-28T15:30:00+00:00,Eredivisie,False
FK Austria Wien,Wolfsberger AC,2026-11-28T16:00:00+00:00,Austrian_Bundesliga,False
Angers,RC Lens,2026-11-28T16:15:00+00:00,Ligue_1,False
Ipswich Town,Aston Villa,2026-11-28T17:30:00+00:00,Premier_League,False
VfB Stuttgart,Eintracht Frankfurt,2026-11-28T17:30:00+00:00,Bundesliga,False
PSV Eindhoven,Go Ahead Eagles,2026-11-28T17:45:00+00:00,Eredivisie,False
SC Austria Lustenau,SK Rapid Wien,2026-11-28T18:30:00+00:00,Austrian_Bundesliga,False
VfL Osnabrück,Hannover 96,2026-11-28T19:30:00+00:00,Bundesliga_2,False
Nice,Troyes,2026-11-28T19:45:00+00:00,Ligue_1,False
Paris Saint-Germain,Lorient,2026-11-28T19:45:00+00:00,Ligue_1,False
Le Havre,RC Strasbourg,2026-11-28T19:45:00+00:00,Ligue_1,False
Le Mans,Lille,2026-11-28T19:45:00+00:00,Ligue_1,False
SC Cambuur,Sparta Rotterdam,2026-11-28T20:00:00+00:00,Eredivisie,False
ADO Den Haag,FC Utrecht,2026-11-29T11:15:00+00:00,Eredivisie,False
Swansea City,Cardiff City,2026-11-29T12:00:00+00:00,Championship,False
Everton,Liverpool FC,2026-11-29T12:00:00+00:00,Premier_League,False
1. FC Magdeburg,Energie Cottbus,2026-11-29T12:30:00+00:00,Bundesliga_2,False
Eintracht Braunschweig,VfL Wolfsburg,2026-11-29T12:30:00+00:00,Bundesliga_2,False
SpVgg Greuther Fürth,Arminia Bielefeld,2026-11-29T12:30:00+00:00,Bundesliga_2,False
Feyenoord,AFC Ajax,2026-11-29T13:30:00+00:00,Eredivisie,False
Fortuna Sittard,SC Heerenveen,2026-11-29T13:30:00+00:00,Eredivisie,False
SV Ried,TSV Hartberg,2026-11-29T13:30:00+00:00,Austrian_Bundesliga,False
SK Sturm Graz,WSG Tirol,2026-11-29T13:30:00+00:00,Austrian_Bundesliga,False
Auxerre,Olympique de Marseille,2026-11-29T14:00:00+00:00,Ligue_1,False
Brighton & Hove Albion,Newcastle United,2026-11-29T14:05:00+00:00,Premier_League,False
Fulham,Bournemouth,2026-11-29T14:05:00+00:00,Premier_League,False
Sunderland,Tottenham Hotspur,2026-11-29T14:05:00+00:00,Premier_League,False
Crystal Palace,Hull City,2026-11-29T14:05:00+00:00,Premier_League,False
SC Freiburg,RB Leipzig,2026-11-29T14:30:00+00:00,Bundesliga,False
PEC Zwolle,AZ Alkmaar,2026-11-29T15:45:00+00:00,Eredivisie,False
Red Bull Salzburg,LASK,2026-11-29T16:00:00+00:00,Austrian_Bundesliga,False
Toulouse,Stade Rennais,2026-11-29T16:15:00+00:00,Ligue_1,False
Arsenal,Manchester City,2026-11-29T16:30:00+00:00,Premier_League,False
TSG Hoffenheim,FC Augsburg,2026-11-29T16:30:00+00:00,Bundesliga,False
Vitória,Santos,2026-11-29T18:00:00+00:00,Brasileirao,False
Internacional,Red Bull Bragantino,2026-11-29T18:00:00+00:00,Brasileirao,False
Mirassol,Athletico,2026-11-29T18:00:00+00:00,Brasileirao,False
São Paulo,Remo,2026-11-29T18:00:00+00:00,Brasileirao,False
Fluminense,Cruzeiro,2026-11-29T18:00:00+00:00,Brasileirao,False
Coritiba,Flamengo,2026-11-29T18:00:00+00:00,Brasileirao,False
Corinthians,Grêmio,2026-11-29T18:00:00+00:00,Brasileirao,False
Chapecoense,Palmeiras,2026-11-29T18:00:00+00:00,Brasileirao,False
Botafogo,Bahia,2026-11-29T18:00:00+00:00,Brasileirao,False
Atlético Mineiro,Vasco da Gama,2026-11-29T18:00:00+00:00,Brasileirao,False
Borussia Dortmund,Bayer 04 Leverkusen,2026-11-29T18:30:00+00:00,Bundesliga,False
Real Betis,Rayo Vallecano,2026-11-29T19:00:00+00:00,La_Liga,False
NEC Nijmegen,FC Twente,2026-11-29T19:00:00+00:00,Eredivisie,False
Deportivo de A Coruña,FC Barcelona,2026-11-29T19:00:00+00:00,La_Liga,False
Elche,Atlético Madrid,2026-11-29T19:00:00+00:00,La_Liga,False
Espanyol,Getafe,2026-11-29T19:00:00+00:00,La_Liga,False
Levante UD,Real Racing Club,2026-11-29T19:00:00+00:00,La_Liga,False
Málaga CF,Athletic Club,2026-11-29T19:00:00+00:00,La_Liga,False
Celta Vigo,Villarreal,2026-11-29T19:00:00+00:00,La_Liga,False
Valencia,Osasuna,2026-11-29T19:00:00+00:00,La_Liga,False
Real Madrid,Deportivo Alavés,2026-11-29T19:00:00+00:00,La_Liga,False
Real Sociedad,Sevilla,2026-11-29T19:00:00+00:00,La_Liga,False
Olympique Lyonnais,AS Monaco,2026-11-29T19:45:00+00:00,Ligue_1,False
Santos,Botafogo,2026-12-02T18:00:00+00:00,Brasileirao,False
Remo,Corinthians,2026-12-02T18:00:00+00:00,Brasileirao,False
Palmeiras,Coritiba,2026-12-02T18:00:00+00:00,Brasileirao,False
Grêmio,Mirassol,2026-12-02T18:00:00+00:00,Brasileirao,False
Flamengo,Chapecoense,2026-12-02T18:00:00+00:00,Brasileirao,False
Cruzeiro,Internacional,2026-12-02T18:00:00+00:00,Brasileirao,False
Bahia,Atlético Mineiro,2026-12-02T18:00:00+00:00,Brasileirao,False
Athletico,São Paulo,2026-12-02T18:00:00+00:00,Brasileirao,False
Vasco da Gama,Vitória,2026-12-02T18:00:00+00:00,Brasileirao,False
Red Bull Bragantino,Fluminense,2026-12-02T18:00:00+00:00,Brasileirao,False
Chelsea,Crystal Palace,2026-12-02T20:00:00+00:00,Premier_League,False
Manchester City,Leeds United,2026-12-02T20:00:00+00:00,Premier_League,False
Newcastle United,Manchester United,2026-12-02T20:00:00+00:00,Premier_League,False
Tottenham Hotspur,Fulham,2026-12-02T20:00:00+00:00,Premier_League,False
Coventry City,Ipswich Town,2026-12-02T20:00:00+00:00,Premier_League,False
Liverpool FC,Sunderland,2026-12-02T20:00:00+00:00,Premier_League,False
Hull City,Nottingham Forest,2026-12-02T20:00:00+00:00,Premier_League,False
Aston Villa,Everton,2026-12-02T20:00:00+00:00,Premier_League,False
Bournemouth,Brighton & Hove Albion,2026-12-02T20:00:00+00:00,Premier_League,False
Brentford,Arsenal,2026-12-02T20:00:00+00:00,Premier_League,False
SCR Altach,Red Bull Salzburg,2026-12-04T18:30:00+00:00,Austrian_Bundesliga,False
SC Telstar,FC Groningen,2026-12-04T19:00:00+00:00,Eredivisie,False
Sheffield United,West Ham United,2026-12-04T20:00:00+00:00,Championship,False
VfL Wolfsburg,1. FC Magdeburg,2026-12-05T10:00:00+00:00,Bundesliga_2,False
Karlsruher SC,Holstein Kiel,2026-12-05T10:00:00+00:00,Bundesliga_2,False
Hannover 96,Hertha BSC,2026-12-05T10:00:00+00:00,Bundesliga_2,False
FC St. Pauli,1. FC Heidenheim,2026-12-05T10:00:00+00:00,Bundesliga_2,False
Energie Cottbus,VfL Osnabrück,2026-12-05T10:00:00+00:00,Bundesliga_2,False
Darmstadt 98,Eintracht Braunschweig,2026-12-05T10:00:00+00:00,Bundesliga_2,False
Arminia Bielefeld,SG Dynamo Dresden,2026-12-05T10:00:00+00:00,Bundesliga_2,False
1. FC Kaiserslautern,SpVgg Greuther Fürth,2026-12-05T10:00:00+00:00,Bundesliga_2,False
Bayer 04 Leverkusen,Borussia M'gladbach,2026-12-05T10:00:00+00:00,Bundesliga,False
Eintracht Frankfurt,SV Werder Bremen,2026-12-05T10:00:00+00:00,Bundesliga,False
FC Augsburg,1. FC Köln,2026-12-05T10:00:00+00:00,Bundesliga,False
FC Bayern München,SC Paderborn 07,2026-12-05T10:00:00+00:00,Bundesliga,False
FC Schalke 04,Borussia Dortmund,2026-12-05T10:00:00+00:00,Bundesliga,False
RB Leipzig,1. FSV Mainz 05,2026-12-05T10:00:00+00:00,Bundesliga,False
SC Freiburg,TSG Hoffenheim,2026-12-05T10:00:00+00:00,Bundesliga,False
SV 07 Elversberg,VfB Stuttgart,2026-12-05T10:00:00+00:00,Bundesliga,False
1. FC Nürnberg,VfL Bochum 1848,2026-12-05T10:00:00+00:00,Bundesliga_2,False
1. FC Union Berlin,Hamburger SV,2026-12-05T10:00:00+00:00,Bundesliga,False
Middlesbrough,Derby County,2026-12-05T12:30:00+00:00,Championship,False
Watford,Millwall,2026-12-05T12:30:00+00:00,Championship,False
Bolton Wanderers,Blackburn Rovers,2026-12-05T12:30:00+00:00,Championship,False
Bristol City,Swansea City,2026-12-05T12:30:00+00:00,Championship,False
SSC Napoli,Lecce,2026-12-05T13:00:00+00:00,Serie_A,False
Monza,Como,2026-12-05T13:00:00+00:00,Serie_A,False
Lazio,Atalanta,2026-12-05T13:00:00+00:00,Serie_A,False
Juventus,Udinese,2026-12-05T13:00:00+00:00,Serie_A,False
Genoa,Torino,2026-12-05T13:00:00+00:00,Serie_A,False
Frosinone,Inter,2026-12-05T13:00:00+00:00,Serie_A,False
Fiorentina,Cagliari,2026-12-05T13:00:00+00:00,Serie_A,False
Bologna,AS Roma,2026-12-05T13:00:00+00:00,Serie_A,False
AC Milan,Parma,2026-12-05T13:00:00+00:00,Serie_A,False
Venezia,Sassuolo,2026-12-05T13:00:00+00:00,Serie_A,False
Charlton Athletic,Birmingham City,2026-12-05T15:00:00+00:00,Championship,False
Chelsea,Liverpool FC,2026-12-05T15:00:00+00:00,Premier_League,False
Nottingham Forest,Brighton & Hove Albion,2026-12-05T15:00:00+00:00,Premier_League,False
Wolverhampton,Southampton,2026-12-05T15:00:00+00:00,Championship,False
Stoke City,Queens Park Rangers,2026-12-05T15:00:00+00:00,Championship,False
Portsmouth,West Bromwich Albion,2026-12-05T15:00:00+00:00,Championship,False
Norwich City,Wrexham,2026-12-05T15:00:00+00:00,Championship,False
Newcastle United,Sunderland,2026-12-05T15:00:00+00:00,Premier_League,False
Aston Villa,Crystal Palace,2026-12-05T15:00:00+00:00,Premier_League,False
Leeds United,Ipswich Town,2026-12-05T15:00:00+00:00,Premier_League,False
Everton,Fulham,2026-12-05T15:00:00+00:00,Premier_League,False
Tottenham Hotspur,Arsenal,2026-12-05T15:00:00+00:00,Premier_League,False
Brentford,Manchester City,2026-12-05T15:00:00+00:00,Premier_League,False
Bournemouth,Hull City,2026-12-05T15:00:00+00:00,Premier_League,False
Cardiff City,Lincoln City,2026-12-05T15:00:00+00:00,Championship,False
Manchester United,Coventry City,2026-12-05T15:00:00+00:00,Premier_League,False
Willem II Tilburg,Feyenoord,2026-12-05T15:30:00+00:00,Eredivisie,False
TSV Hartberg,Grazer AK 1902,2026-12-05T16:00:00+00:00,Austrian_Bundesliga,False
Sparta Rotterdam,NEC Nijmegen,2026-12-05T17:45:00+00:00,Eredivisie,False
SK Rapid Wien,LASK,2026-12-05T18:30:00+00:00,Austrian_Bundesliga,False
AZ Alkmaar,PSV Eindhoven,2026-12-05T19:00:00+00:00,Eredivisie,False
RC Lens,Le Havre,2026-12-05T20:00:00+00:00,Ligue_1,False
Stade Rennais,Stade Brestois,2026-12-05T20:00:00+00:00,Ligue_1,False
RC Strasbourg,Lorient,2026-12-05T20:00:00+00:00,Ligue_1,False
Olympique de Marseille,Nice,2026-12-05T20:00:00+00:00,Ligue_1,False
Toulouse,Paris Saint-Germain,2026-12-05T20:00:00+00:00,Ligue_1,False
Paris FC,Le Mans,2026-12-05T20:00:00+00:00,Ligue_1,False
Lille,Auxerre,2026-12-05T20:00:00+00:00,Ligue_1,False
Fortuna Sittard,PEC Zwolle,2026-12-05T20:00:00+00:00,Eredivisie,False
AS Monaco,Angers,2026-12-05T20:00:00+00:00,Ligue_1,False
Troyes,Olympique Lyonnais,2026-12-05T20:00:00+00:00,Ligue_1,False
SC Heerenveen,SC Cambuur,2026-12-06T11:15:00+00:00,Eredivisie,False
Burnley,Preston North End,2026-12-06T12:00:00+00:00,Championship,False
Go Ahead Eagles,FC Twente,2026-12-06T13:30:00+00:00,Eredivisie,False
SV Ried,WSG Tirol,2026-12-06T13:30:00+00:00,Austrian_Bundesliga,False
Wolfsberger AC,SC Austria Lustenau,2026-12-06T13:30:00+00:00,Austrian_Bundesliga,False
AFC Ajax,FC Utrecht,2026-12-06T13:30:00+00:00,Eredivisie,False
ADO Den Haag,Excelsior,2026-12-06T15:45:00+00:00,Eredivisie,False
SK Sturm Graz,FK Austria Wien,2026-12-06T16:00:00+00:00,Austrian_Bundesliga,False
Athletic Club,Real Madrid,2026-12-06T19:00:00+00:00,La_Liga,False
Atlético Madrid,Real Betis,2026-12-06T19:00:00+00:00,La_Liga,False
Deportivo Alavés,Espanyol,2026-12-06T19:00:00+00:00,La_Liga,False
FC Barcelona,Celta Vigo,2026-12-06T19:00:00+00:00,La_Liga,False
Osasuna,Elche,2026-12-06T19:00:00+00:00,La_Liga,False
Rayo Vallecano,Levante UD,2026-12-06T19:00:00+00:00,La_Liga,False
Real Racing Club,Deportivo de A Coruña,2026-12-06T19:00:00+00:00,La_Liga,False
Sevilla,Málaga CF,2026-12-06T19:00:00+00:00,La_Liga,False
Villarreal,Real Sociedad,2026-12-06T19:00:00+00:00,La_Liga,False
Getafe,Valencia,2026-12-06T19:00:00+00:00,La_Liga,False
Viking FK,Feyenoord,2026-12-08T17:45:00+00:00,Champions_League,False
Villarreal,Sabah FK,2026-12-08T17:45:00+00:00,Champions_League,False
Swansea City,Bolton Wanderers,2026-12-08T19:45:00+00:00,Championship,False
Wrexham,Charlton Athletic,2026-12-08T19:45:00+00:00,Championship,False
West Bromwich Albion,Cardiff City,2026-12-08T19:45:00+00:00,Championship,False
Queens Park Rangers,Wolverhampton,2026-12-08T19:45:00+00:00,Championship,False
Blackburn Rovers,Norwich City,2026-12-08T19:45:00+00:00,Championship,False
Millwall,Sheffield United,2026-12-08T19:45:00+00:00,Championship,False
Manchester United,RB Leipzig,2026-12-08T20:00:00+00:00,Champions_League,False
Aston Villa,Paris Saint-Germain,2026-12-08T20:00:00+00:00,Champions_League,False
FC Barcelona,Manchester City,2026-12-08T20:00:00+00:00,Champions_League,False
Birmingham City,Watford,2026-12-08T20:00:00+00:00,Championship,False
West Ham United,Middlesbrough,2026-12-08T20:00:00+00:00,Championship,False
SSC Napoli,Club Brugge KV,2026-12-08T20:00:00+00:00,Champions_League,False
FC Bayern München,SK Slavia Praha,2026-12-08T20:00:00+00:00,Champions_League,False
AEK Athens,Galatasaray,2026-12-08T20:00:00+00:00,Champions_League,False
AS Roma,Sporting CP,2026-12-08T20:00:00+00:00,Champions_League,False
Real Betis,Como,2026-12-09T17:45:00+00:00,Champions_League,False
ŠK Slovan Bratislava,Shakhtar Donetsk,2026-12-09T17:45:00+00:00,Champions_League,False
Preston North End,Portsmouth,2026-12-09T19:45:00+00:00,Championship,False
Lincoln City,Stoke City,2026-12-09T19:45:00+00:00,Championship,False
Derby County,Bristol City,2026-12-09T19:45:00+00:00,Championship,False
RC Lens,Bodø/Glimt,2026-12-09T20:00:00+00:00,Champions_League,False
PSV Eindhoven,Atlético Madrid,2026-12-09T20:00:00+00:00,Champions_League,False
Borussia Dortmund,Inter,2026-12-09T20:00:00+00:00,Champions_League,False
LASK,Fenerbahçe,2026-12-09T20:00:00+00:00,Champions_League,False
Arsenal,Real Madrid,2026-12-09T20:00:00+00:00,Champions_League,False
Liverpool FC,FC Porto,2026-12-09T20:00:00+00:00,Champions_League,False
Southampton,Burnley,2026-12-09T20:00:00+00:00,Championship,False
VfB Stuttgart,Lille,2026-12-09T20:00:00+00:00,Champions_League,False
SC Austria Lustenau,TSV Hartberg,2026-12-11T18:30:00+00:00,Austrian_Bundesliga,False
Bolton Wanderers,Wrexham,2026-12-11T20:00:00+00:00,Championship,False
Eintracht Braunschweig,Karlsruher SC,2026-12-12T10:00:00+00:00,Bundesliga_2,False
Arminia Bielefeld,1. FC Kaiserslautern,2026-12-12T10:00:00+00:00,Bundesliga_2,False
1. FC Magdeburg,1. FC Nürnberg,2026-12-12T10:00:00+00:00,Bundesliga_2,False
1. FC Köln,RB Leipzig,2026-12-12T10:00:00+00:00,Bundesliga,False
Borussia Dortmund,FC Augsburg,2026-12-12T10:00:00+00:00,Bundesliga,False
Holstein Kiel,Hannover 96,2026-12-12T10:00:00+00:00,Bundesliga_2,False
Borussia M'gladbach,Eintracht Frankfurt,2026-12-12T10:00:00+00:00,Bundesliga,False
Hamburger SV,FC Schalke 04,2026-12-12T10:00:00+00:00,Bundesliga,False
SC Paderborn 07,SV 07 Elversberg,2026-12-12T10:00:00+00:00,Bundesliga,False
SV Werder Bremen,Bayer 04 Leverkusen,2026-12-12T10:00:00+00:00,Bundesliga,False
1. FSV Mainz 05,SC Freiburg,2026-12-12T10:00:00+00:00,Bundesliga,False
SG Dynamo Dresden,Energie Cottbus,2026-12-12T10:00:00+00:00,Bundesliga_2,False
Hertha BSC,Darmstadt 98,2026-12-12T10:00:00+00:00,Bundesliga_2,False
VfL Bochum 1848,1. FC Heidenheim,2026-12-12T10:00:00+00:00,Bundesliga_2,False
SpVgg Greuther Fürth,VfL Wolfsburg,2026-12-12T10:00:00+00:00,Bundesliga_2,False
VfB Stuttgart,1. FC Union Berlin,2026-12-12T10:00:00+00:00,Bundesliga,False
TSG Hoffenheim,FC Bayern München,2026-12-12T10:00:00+00:00,Bundesliga,False
VfL Osnabrück,FC St. Pauli,2026-12-12T10:00:00+00:00,Bundesliga_2,False
Stoke City,West Bromwich Albion,2026-12-12T12:30:00+00:00,Championship,False
Queens Park Rangers,Watford,2026-12-12T12:30:00+00:00,Championship,False
Preston North End,Middlesbrough,2026-12-12T12:30:00+00:00,Championship,False
Inter,Torino,2026-12-12T13:00:00+00:00,Serie_A,False
Juventus,Monza,2026-12-12T13:00:00+00:00,Serie_A,False
Parma,Fiorentina,2026-12-12T13:00:00+00:00,Serie_A,False
Lecce,Sassuolo,2026-12-12T13:00:00+00:00,Serie_A,False
Udinese,Frosinone,2026-12-12T13:00:00+00:00,Serie_A,False
SSC Napoli,AC Milan,2026-12-12T13:00:00+00:00,Serie_A,False
Atalanta,Genoa,2026-12-12T13:00:00+00:00,Serie_A,False
Cagliari,Venezia,2026-12-12T13:00:00+00:00,Serie_A,False
Como,Bologna,2026-12-12T13:00:00+00:00,Serie_A,False
Lazio,AS Roma,2026-12-12T13:00:00+00:00,Serie_A,False
Cardiff City,Southampton,2026-12-12T15:00:00+00:00,Championship,False
Charlton Athletic,Swansea City,2026-12-12T15:00:00+00:00,Championship,False
Portsmouth,Birmingham City,2026-12-12T15:00:00+00:00,Championship,False
Sheffield United,Burnley,2026-12-12T15:00:00+00:00,Championship,False
West Ham United,Bristol City,2026-12-12T15:00:00+00:00,Championship,False
Wolverhampton,Millwall,2026-12-12T15:00:00+00:00,Championship,False
Blackburn Rovers,Derby County,2026-12-12T15:00:00+00:00,Championship,False
Sunderland,Nottingham Forest,2026-12-12T15:00:00+00:00,Premier_League,False
Manchester City,Chelsea,2026-12-12T15:00:00+00:00,Premier_League,False
Hull City,Tottenham Hotspur,2026-12-12T15:00:00+00:00,Premier_League,False
Ipswich Town,Newcastle United,2026-12-12T15:00:00+00:00,Premier_League,False
Crystal Palace,Manchester United,2026-12-12T15:00:00+00:00,Premier_League,False
Coventry City,Aston Villa,2026-12-12T15:00:00+00:00,Premier_League,False
Brighton & Hove Albion,Everton,2026-12-12T15:00:00+00:00,Premier_League,False
Fulham,Brentford,2026-12-12T15:00:00+00:00,Premier_League,False
Liverpool FC,Leeds United,2026-12-12T15:00:00+00:00,Premier_League,False
Arsenal,Bournemouth,2026-12-12T15:00:00+00:00,Premier_League,False
FC Utrecht,Fortuna Sittard,2026-12-12T15:30:00+00:00,Eredivisie,False
WSG Tirol,SCR Altach,2026-12-12T16:00:00+00:00,Austrian_Bundesliga,False
FC Twente,Sparta Rotterdam,2026-12-12T17:00:00+00:00,Eredivisie,False
SC Heerenveen,Go Ahead Eagles,2026-12-12T17:45:00+00:00,Eredivisie,False
SK Rapid Wien,SV Ried,2026-12-12T18:30:00+00:00,Austrian_Bundesliga,False
Nice,RC Lens,2026-12-12T20:00:00+00:00,Ligue_1,False
Lorient,Lille,2026-12-12T20:00:00+00:00,Ligue_1,False
PEC Zwolle,Excelsior,2026-12-12T20:00:00+00:00,Eredivisie,False
Angers,RC Strasbourg,2026-12-12T20:00:00+00:00,Ligue_1,False
Auxerre,Toulouse,2026-12-12T20:00:00+00:00,Ligue_1,False
Paris Saint-Germain,Paris FC,2026-12-12T20:00:00+00:00,Ligue_1,False
Le Havre,Le Mans,2026-12-12T20:00:00+00:00,Ligue_1,False
Stade Rennais,AS Monaco,2026-12-12T20:00:00+00:00,Ligue_1,False
Stade Brestois,Troyes,2026-12-12T20:00:00+00:00,Ligue_1,False
PSV Eindhoven,SC Telstar,2026-12-13T11:15:00+00:00,Eredivisie,False
Grazer AK 1902,SK Sturm Graz,2026-12-13T13:30:00+00:00,Austrian_Bundesliga,False
Red Bull Salzburg,Wolfsberger AC,2026-12-13T13:30:00+00:00,Austrian_Bundesliga,False
Willem II Tilburg,ADO Den Haag,2026-12-13T13:30:00+00:00,Eredivisie,False
FC Groningen,Feyenoord,2026-12-13T13:30:00+00:00,Eredivisie,False
Lincoln City,Norwich City,2026-12-13T14:00:00+00:00,Championship,False
AZ Alkmaar,NEC Nijmegen,2026-12-13T15:45:00+00:00,Eredivisie,False
LASK,FK Austria Wien,2026-12-13T16:00:00+00:00,Austrian_Bundesliga,False
AFC Ajax,SC Cambuur,2026-12-13T19:00:00+00:00,Eredivisie,False
Villarreal,Rayo Vallecano,2026-12-13T19:00:00+00:00,La_Liga,False
Real Sociedad,Getafe,2026-12-13T19:00:00+00:00,La_Liga,False
Real Madrid,Osasuna,2026-12-13T19:00:00+00:00,La_Liga,False
Málaga CF,FC Barcelona,2026-12-13T19:00:00+00:00,La_Liga,False
Levante UD,Deportivo Alavés,2026-12-13T19:00:00+00:00,La_Liga,False
Real Betis,Real Racing Club,2026-12-13T19:00:00+00:00,La_Liga,False
Espanyol,Celta Vigo,2026-12-13T19:00:00+00:00,La_Liga,False
Elche,Sevilla,2026-12-13T19:00:00+00:00,La_Liga,False
Deportivo de A Coruña,Athletic Club,2026-12-13T19:00:00+00:00,La_Liga,False
Atlético Madrid,Valencia,2026-12-13T19:00:00+00:00,La_Liga,False
Olympique Lyonnais,Olympique de Marseille,2026-12-13T19:45:00+00:00,Ligue_1,False
West Bromwich Albion,Sheffield United,2026-12-18T20:00:00+00:00,Championship,False
1. FC Heidenheim,Eintracht Braunschweig,2026-12-19T10:00:00+00:00,Bundesliga_2,False
FC Bayern München,SV Werder Bremen,2026-12-19T10:00:00+00:00,Bundesliga,False
FC Schalke 04,Borussia M'gladbach,2026-12-19T10:00:00+00:00,Bundesliga,False
FC Augsburg,SC Paderborn 07,2026-12-19T10:00:00+00:00,Bundesliga,False
1. FC Union Berlin,TSG Hoffenheim,2026-12-19T10:00:00+00:00,Bundesliga,False
RB Leipzig,Borussia Dortmund,2026-12-19T10:00:00+00:00,Bundesliga,False
SC Freiburg,VfB Stuttgart,2026-12-19T10:00:00+00:00,Bundesliga,False
SV 07 Elversberg,Hamburger SV,2026-12-19T10:00:00+00:00,Bundesliga,False
1. FSV Mainz 05,1. FC Köln,2026-12-19T10:00:00+00:00,Bundesliga,False
Bayer 04 Leverkusen,Eintracht Frankfurt,2026-12-19T10:00:00+00:00,Bundesliga,False
Karlsruher SC,SG Dynamo Dresden,2026-12-19T10:00:00+00:00,Bundesliga_2,False
1. FC Nürnberg,VfL Osnabrück,2026-12-19T10:00:00+00:00,Bundesliga_2,False
Darmstadt 98,SpVgg Greuther Fürth,2026-12-19T10:00:00+00:00,Bundesliga_2,False
Energie Cottbus,Holstein Kiel,2026-12-19T10:00:00+00:00,Bundesliga_2,False
VfL Wolfsburg,Arminia Bielefeld,2026-12-19T10:00:00+00:00,Bundesliga_2,False
VfL Bochum 1848,1. FC Magdeburg,2026-12-19T10:00:00+00:00,Bundesliga_2,False
FC St. Pauli,Hertha BSC,2026-12-19T10:00:00+00:00,Bundesliga_2,False
Hannover 96,1. FC Kaiserslautern,2026-12-19T10:00:00+00:00,Bundesliga_2,False
Birmingham City,West Ham United,2026-12-19T12:30:00+00:00,Championship,False
Bristol City,Cardiff City,2026-12-19T12:30:00+00:00,Championship,False
Watford,Bolton Wanderers,2026-12-19T12:30:00+00:00,Championship,False
Swansea City,Preston North End,2026-12-19T12:30:00+00:00,Championship,False
Millwall,Charlton Athletic,2026-12-19T12:30:00+00:00,Championship,False
Sassuolo,Parma,2026-12-19T13:00:00+00:00,Serie_A,False
Torino,Cagliari,2026-12-19T13:00:00+00:00,Serie_A,False
Venezia,Monza,2026-12-19T13:00:00+00:00,Serie_A,False
AC Milan,Como,2026-12-19T13:00:00+00:00,Serie_A,False
Genoa,Udinese,2026-12-19T13:00:00+00:00,Serie_A,False
Atalanta,SSC Napoli,2026-12-19T13:00:00+00:00,Serie_A,False
Fiorentina,Bologna,2026-12-19T13:00:00+00:00,Serie_A,False
Frosinone,Lazio,2026-12-19T13:00:00+00:00,Serie_A,False
AS Roma,Juventus,2026-12-19T13:00:00+00:00,Serie_A,False
Lecce,Inter,2026-12-19T13:00:00+00:00,Serie_A,False
Sunderland,Crystal Palace,2026-12-19T15:00:00+00:00,Premier_League,False
Nottingham Forest,Everton,2026-12-19T15:00:00+00:00,Premier_League,False
Arsenal,Manchester United,2026-12-19T15:00:00+00:00,Premier_League,False
Leeds United,Fulham,2026-12-19T15:00:00+00:00,Premier_League,False
Liverpool FC,Tottenham Hotspur,2026-12-19T15:00:00+00:00,Premier_League,False
Bournemouth,Coventry City,2026-12-19T15:00:00+00:00,Premier_League,False
Brentford,Newcastle United,2026-12-19T15:00:00+00:00,Premier_League,False
Chelsea,Aston Villa,2026-12-19T15:00:00+00:00,Premier_League,False
Burnley,Stoke City,2026-12-19T15:00:00+00:00,Championship,False
Derby County,Lincoln City,2026-12-19T15:00:00+00:00,Championship,False
Middlesbrough,Portsmouth,2026-12-19T15:00:00+00:00,Championship,False
Norwich City,Wolverhampton,2026-12-19T15:00:00+00:00,Championship,False
Brighton & Hove Albion,Ipswich Town,2026-12-19T15:00:00+00:00,Premier_League,False
Manchester City,Hull City,2026-12-19T15:00:00+00:00,Premier_League,False
Wrexham,Queens Park Rangers,2026-12-19T15:00:00+00:00,Championship,False
Southampton,Blackburn Rovers,2026-12-19T15:00:00+00:00,Championship,False
Excelsior,AZ Alkmaar,2026-12-19T15:30:00+00:00,Eredivisie,False
SC Cambuur,FC Groningen,2026-12-19T17:00:00+00:00,Eredivisie,False
Go Ahead Eagles,AFC Ajax,2026-12-19T17:00:00+00:00,Eredivisie,False
Fortuna Sittard,Sparta Rotterdam,2026-12-19T17:00:00+00:00,Eredivisie,False
Feyenoord,FC Twente,2026-12-19T17:00:00+00:00,Eredivisie,False
FC Utrecht,SC Heerenveen,2026-12-19T17:00:00+00:00,Eredivisie,False
SC Telstar,Willem II Tilburg,2026-12-19T17:00:00+00:00,Eredivisie,False
NEC Nijmegen,ADO Den Haag,2026-12-19T17:00:00+00:00,Eredivisie,False
PSV Eindhoven,PEC Zwolle,2026-12-19T17:00:00+00:00,Eredivisie,False
Deportivo Alavés,Elche,2026-12-20T19:00:00+00:00,La_Liga,False
Celta Vigo,Atlético Madrid,2026-12-20T19:00:00+00:00,La_Liga,False
FC Barcelona,Real Sociedad,2026-12-20T19:00:00+00:00,La_Liga,False
Getafe,Levante UD,2026-12-20T19:00:00+00:00,La_Liga,False
Osasuna,Villarreal,2026-12-20T19:00:00+00:00,La_Liga,False
Rayo Vallecano,Málaga CF,2026-12-20T19:00:00+00:00,La_Liga,False
Sevilla,Real Racing Club,2026-12-20T19:00:00+00:00,La_Liga,False
Valencia,Espanyol,2026-12-20T19:00:00+00:00,La_Liga,False
Athletic Club,Real Betis,2026-12-20T19:00:00+00:00,La_Liga,False
Deportivo de A Coruña,Real Madrid,2026-12-20T19:00:00+00:00,La_Liga,False
Aston Villa,Leeds United,2026-12-26T12:30:00+00:00,Premier_League,False
Sheffield United,Middlesbrough,2026-12-26T12:30:00+00:00,Championship,False
Bolton Wanderers,Burnley,2026-12-26T12:30:00+00:00,Championship,False
Ipswich Town,Brentford,2026-12-26T15:00:00+00:00,Premier_League,False
Wolverhampton,Swansea City,2026-12-26T15:00:00+00:00,Championship,False
West Ham United,Norwich City,2026-12-26T15:00:00+00:00,Championship,False
Stoke City,Wrexham,2026-12-26T15:00:00+00:00,Championship,False
Queens Park Rangers,Bristol City,2026-12-26T15:00:00+00:00,Championship,False
Preston North End,Derby County,2026-12-26T15:00:00+00:00,Championship,False
Portsmouth,Watford,2026-12-26T15:00:00+00:00,Championship,False
Lincoln City,West Bromwich Albion,2026-12-26T15:00:00+00:00,Championship,False
Charlton Athletic,Southampton,2026-12-26T15:00:00+00:00,Championship,False
Cardiff City,Millwall,2026-12-26T15:00:00+00:00,Championship,False
Blackburn Rovers,Birmingham City,2026-12-26T15:00:00+00:00,Championship,False
Tottenham Hotspur,Bournemouth,2026-12-26T15:00:00+00:00,Premier_League,False
Everton,Sunderland,2026-12-26T15:00:00+00:00,Premier_League,False
Fulham,Brighton & Hove Albion,2026-12-26T15:00:00+00:00,Premier_League,False
Hull City,Liverpool FC,2026-12-26T17:30:00+00:00,Premier_League,False
Newcastle United,Manchester City,2026-12-26T20:00:00+00:00,Premier_League,False
Coventry City,Chelsea,2026-12-27T14:00:00+00:00,Premier_League,False
Manchester United,Nottingham Forest,2026-12-27T16:30:00+00:00,Premier_League,False
Crystal Palace,Arsenal,2026-12-27T19:00:00+00:00,Premier_League,False
Wrexham,Blackburn Rovers,2026-12-29T18:00:00+00:00,Championship,False
Hull City,Leeds United,2026-12-29T19:30:00+00:00,Premier_League,False
Tottenham Hotspur,Brighton & Hove Albion,2026-12-29T19:30:00+00:00,Premier_League,False
Swansea City,Queens Park Rangers,2026-12-29T19:45:00+00:00,Championship,False
Millwall,Portsmouth,2026-12-29T19:45:00+00:00,Championship,False
West Bromwich Albion,Preston North End,2026-12-29T19:45:00+00:00,Championship,False
Middlesbrough,Bolton Wanderers,2026-12-29T19:45:00+00:00,Championship,False
Derby County,Sheffield United,2026-12-29T19:45:00+00:00,Championship,False
Burnley,Lincoln City,2026-12-29T19:45:00+00:00,Championship,False
Bristol City,Stoke City,2026-12-29T19:45:00+00:00,Championship,False
Norwich City,Charlton Athletic,2026-12-29T19:45:00+00:00,Championship,False
Watford,Wolverhampton,2026-12-29T19:45:00+00:00,Championship,False
Birmingham City,Cardiff City,2026-12-29T20:00:00+00:00,Championship,False
Southampton,West Ham United,2026-12-29T20:15:00+00:00,Championship,False
Everton,Manchester City,2026-12-29T20:15:00+00:00,Premier_League,False
Fulham,Arsenal,2026-12-30T19:30:00+00:00,Premier_League,False
Newcastle United,Nottingham Forest,2026-12-30T19:30:00+00:00,Premier_League,False
Crystal Palace,Bournemouth,2026-12-30T19:30:00+00:00,Premier_League,False
Coventry City,Brentford,2026-12-30T19:30:00+00:00,Premier_League,False
Manchester United,Sunderland,2026-12-30T19:30:00+00:00,Premier_League,False
Aston Villa,Liverpool FC,2026-12-30T20:15:00+00:00,Premier_League,False
Ipswich Town,Chelsea,2026-12-30T20:15:00+00:00,Premier_League,False
Millwall,Wolverhampton,2027-01-01T12:30:00+00:00,Championship,False
Wrexham,Bolton Wanderers,2027-01-01T15:00:00+00:00,Championship,False
West Bromwich Albion,Stoke City,2027-01-01T15:00:00+00:00,Championship,False
Watford,Queens Park Rangers,2027-01-01T15:00:00+00:00,Championship,False
Swansea City,Charlton Athletic,2027-01-01T15:00:00+00:00,Championship,False
Southampton,Cardiff City,2027-01-01T15:00:00+00:00,Championship,False
Norwich City,Lincoln City,2027-01-01T15:00:00+00:00,Championship,False
Middlesbrough,Preston North End,2027-01-01T15:00:00+00:00,Championship,False
Derby County,Blackburn Rovers,2027-01-01T15:00:00+00:00,Championship,False
Birmingham City,Portsmouth,2027-01-01T15:00:00+00:00,Championship,False
Bristol City,West Ham United,2027-01-01T15:00:00+00:00,Championship,False
Burnley,Sheffield United,2027-01-01T17:30:00+00:00,Championship,False
Leeds United,Everton,2027-01-01T20:00:00+00:00,Premier_League,False
Brighton & Hove Albion,Manchester United,2027-01-02T12:30:00+00:00,Premier_League,False
Torino,Venezia,2027-01-02T13:00:00+00:00,Serie_A,False
Parma,SSC Napoli,2027-01-02T13:00:00+00:00,Serie_A,False
Monza,AC Milan,2027-01-02T13:00:00+00:00,Serie_A,False
Udinese,Atalanta,2027-01-02T13:00:00+00:00,Serie_A,False
Fiorentina,Lazio,2027-01-02T13:00:00+00:00,Serie_A,False
Como,Lecce,2027-01-02T13:00:00+00:00,Serie_A,False
Cagliari,Genoa,2027-01-02T13:00:00+00:00,Serie_A,False
AS Roma,Frosinone,2027-01-02T13:00:00+00:00,Serie_A,False
Inter,Sassuolo,2027-01-02T13:00:00+00:00,Serie_A,False
Bologna,Juventus,2027-01-02T13:00:00+00:00,Serie_A,False
Brentford,Crystal Palace,2027-01-02T15:00:00+00:00,Premier_League,False
Liverpool FC,Coventry City,2027-01-02T15:00:00+00:00,Premier_League,False
Nottingham Forest,Fulham,2027-01-02T15:00:00+00:00,Premier_League,False
Sunderland,Hull City,2027-01-02T15:00:00+00:00,Premier_League,False
Arsenal,Ipswich Town,2027-01-02T15:00:00+00:00,Premier_League,False
Bournemouth,Aston Villa,2027-01-02T17:30:00+00:00,Premier_League,False
Toulouse,Angers,2027-01-02T20:00:00+00:00,Ligue_1,False
Troyes,Stade Rennais,2027-01-02T20:00:00+00:00,Ligue_1,False
Stade Brestois,Olympique de Marseille,2027-01-02T20:00:00+00:00,Ligue_1,False
Paris FC,Le Havre,2027-01-02T20:00:00+00:00,Ligue_1,False
Lorient,Auxerre,2027-01-02T20:00:00+00:00,Ligue_1,False
Lille,RC Strasbourg,2027-01-02T20:00:00+00:00,Ligue_1,False
Le Mans,Olympique Lyonnais,2027-01-02T20:00:00+00:00,Ligue_1,False
AS Monaco,Nice,2027-01-02T20:00:00+00:00,Ligue_1,False
Chelsea,Newcastle United,2027-01-03T14:00:00+00:00,Premier_League,False
Manchester City,Tottenham Hotspur,2027-01-03T16:30:00+00:00,Premier_League,False
Real Madrid,Getafe,2027-01-03T19:00:00+00:00,La_Liga,False
Málaga CF,Elche,2027-01-03T19:00:00+00:00,La_Liga,False
Levante UD,Valencia,2027-01-03T19:00:00+00:00,La_Liga,False
Espanyol,FC Barcelona,2027-01-03T19:00:00+00:00,La_Liga,False
Celta Vigo,Deportivo de A Coruña,2027-01-03T19:00:00+00:00,La_Liga,False
Real Racing Club,Athletic Club,2027-01-03T19:00:00+00:00,La_Liga,False
Real Betis,Deportivo Alavés,2027-01-03T19:00:00+00:00,La_Liga,False
Rayo Vallecano,Atlético Madrid,2027-01-03T19:00:00+00:00,La_Liga,False
Real Sociedad,Osasuna,2027-01-03T19:00:00+00:00,La_Liga,False
Villarreal,Sevilla,2027-01-03T19:00:00+00:00,La_Liga,False
RC Lens,Paris Saint-Germain,2027-01-03T19:45:00+00:00,Ligue_1,False
Frosinone,Bologna,2027-01-05T13:00:00+00:00,Serie_A,False
Lecce,Parma,2027-01-05T13:00:00+00:00,Serie_A,False
Lazio,Inter,2027-01-05T13:00:00+00:00,Serie_A,False
Juventus,Torino,2027-01-05T13:00:00+00:00,Serie_A,False
Genoa,Monza,2027-01-05T13:00:00+00:00,Serie_A,False
SSC Napoli,Cagliari,2027-01-05T13:00:00+00:00,Serie_A,False
Atalanta,Como,2027-01-05T13:00:00+00:00,Serie_A,False
Sassuolo,Udinese,2027-01-05T13:00:00+00:00,Serie_A,False
AC Milan,Fiorentina,2027-01-05T13:00:00+00:00,Serie_A,False
Venezia,AS Roma,2027-01-05T13:00:00+00:00,Serie_A,False
Nottingham Forest,Hull City,2027-01-05T19:30:00+00:00,Premier_League,False
Everton,Aston Villa,2027-01-05T19:30:00+00:00,Premier_League,False
Brighton & Hove Albion,Bournemouth,2027-01-05T19:30:00+00:00,Premier_League,False
Arsenal,Brentford,2027-01-05T19:30:00+00:00,Premier_League,False
Sunderland,Liverpool FC,2027-01-05T20:15:00+00:00,Premier_League,False
Ipswich Town,Coventry City,2027-01-06T19:30:00+00:00,Premier_League,False
Fulham,Tottenham Hotspur,2027-01-06T19:30:00+00:00,Premier_League,False
Crystal Palace,Chelsea,2027-01-06T19:30:00+00:00,Premier_League,False
Leeds United,Manchester City,2027-01-06T20:15:00+00:00,Premier_League,False
Manchester United,Newcastle United,2027-01-07T20:00:00+00:00,Premier_League,False
FC Twente,Fortuna Sittard,2027-01-08T19:00:00+00:00,Eredivisie,False
TSG Hoffenheim,SV 07 Elversberg,2027-01-09T10:00:00+00:00,Bundesliga,False
VfB Stuttgart,FC Augsburg,2027-01-09T10:00:00+00:00,Bundesliga,False
SV Werder Bremen,1. FC Union Berlin,2027-01-09T10:00:00+00:00,Bundesliga,False
SC Paderborn 07,RB Leipzig,2027-01-09T10:00:00+00:00,Bundesliga,False
Hamburger SV,Bayer 04 Leverkusen,2027-01-09T10:00:00+00:00,Bundesliga,False
Eintracht Frankfurt,FC Schalke 04,2027-01-09T10:00:00+00:00,Bundesliga,False
Borussia M'gladbach,FC Bayern München,2027-01-09T10:00:00+00:00,Bundesliga,False
Borussia Dortmund,1. FSV Mainz 05,2027-01-09T10:00:00+00:00,Bundesliga,False
1. FC Köln,SC Freiburg,2027-01-09T10:00:00+00:00,Bundesliga,False
AS Roma,AC Milan,2027-01-09T13:00:00+00:00,Serie_A,False
Bologna,Genoa,2027-01-09T13:00:00+00:00,Serie_A,False
Torino,Atalanta,2027-01-09T13:00:00+00:00,Serie_A,False
Parma,Venezia,2027-01-09T13:00:00+00:00,Serie_A,False
Monza,Frosinone,2027-01-09T13:00:00+00:00,Serie_A,False
Inter,Juventus,2027-01-09T13:00:00+00:00,Serie_A,False
Fiorentina,Lecce,2027-01-09T13:00:00+00:00,Serie_A,False
Como,Lazio,2027-01-09T13:00:00+00:00,Serie_A,False
Cagliari,Sassuolo,2027-01-09T13:00:00+00:00,Serie_A,False
Udinese,SSC Napoli,2027-01-09T13:00:00+00:00,Serie_A,False
Sparta Rotterdam,Excelsior,2027-01-09T15:30:00+00:00,Eredivisie,False
PEC Zwolle,FC Utrecht,2027-01-09T17:45:00+00:00,Eredivisie,False
Willem II Tilburg,AFC Ajax,2027-01-09T19:00:00+00:00,Eredivisie,False
AZ Alkmaar,SC Heerenveen,2027-01-09T20:00:00+00:00,Eredivisie,False
NEC Nijmegen,SC Cambuur,2027-01-10T11:15:00+00:00,Eredivisie,False
Feyenoord,PSV Eindhoven,2027-01-10T13:30:00+00:00,Eredivisie,False
ADO Den Haag,SC Telstar,2027-01-10T13:30:00+00:00,Eredivisie,False
FC Groningen,Go Ahead Eagles,2027-01-10T15:45:00+00:00,Eredivisie,False
Osasuna,FC Barcelona,2027-01-10T19:00:00+00:00,La_Liga,False
Valencia,Málaga CF,2027-01-10T19:00:00+00:00,La_Liga,False
Espanyol,Real Betis,2027-01-10T19:00:00+00:00,La_Liga,False
Elche,Getafe,2027-01-10T19:00:00+00:00,La_Liga,False
Athletic Club,Villarreal,2027-01-10T19:00:00+00:00,La_Liga,False
Atlético Madrid,Real Racing Club,2027-01-10T19:00:00+00:00,La_Liga,False
Real Madrid,Levante UD,2027-01-10T19:00:00+00:00,La_Liga,False
Sevilla,Celta Vigo,2027-01-10T19:00:00+00:00,La_Liga,False
Deportivo de A Coruña,Rayo Vallecano,2027-01-10T19:00:00+00:00,La_Liga,False
Deportivo Alavés,Real Sociedad,2027-01-10T19:00:00+00:00,La_Liga,False
FC Augsburg,Borussia M'gladbach,2027-01-13T10:00:00+00:00,Bundesliga,False
SV 07 Elversberg,Eintracht Frankfurt,2027-01-13T10:00:00+00:00,Bundesliga,False
SC Freiburg,Hamburger SV,2027-01-13T10:00:00+00:00,Bundesliga,False
RB Leipzig,VfB Stuttgart,2027-01-13T10:00:00+00:00,Bundesliga,False
FC Schalke 04,SV Werder Bremen,2027-01-13T10:00:00+00:00,Bundesliga,False
FC Bayern München,Bayer 04 Leverkusen,2027-01-13T10:00:00+00:00,Bundesliga,False
1. FC Köln,Borussia Dortmund,2027-01-13T10:00:00+00:00,Bundesliga,False
1. FC Union Berlin,SC Paderborn 07,2027-01-13T10:00:00+00:00,Bundesliga,False
1. FSV Mainz 05,TSG Hoffenheim,2027-01-13T10:00:00+00:00,Bundesliga,False
SC Heerenveen,Sparta Rotterdam,2027-01-15T19:00:00+00:00,Eredivisie,False
Hamburger SV,FC Augsburg,2027-01-16T10:00:00+00:00,Bundesliga,False
SC Paderborn 07,1. FC Köln,2027-01-16T10:00:00+00:00,Bundesliga,False
SV Werder Bremen,SV 07 Elversberg,2027-01-16T10:00:00+00:00,Bundesliga,False
TSG Hoffenheim,RB Leipzig,2027-01-16T10:00:00+00:00,Bundesliga,False
Eintracht Braunschweig,FC St. Pauli,2027-01-16T10:00:00+00:00,Bundesliga_2,False
1. FC Magdeburg,1. FC Heidenheim,2027-01-16T10:00:00+00:00,Bundesliga_2,False
Eintracht Frankfurt,FC Bayern München,2027-01-16T10:00:00+00:00,Bundesliga,False
Arminia Bielefeld,Hannover 96,2027-01-16T10:00:00+00:00,Bundesliga_2,False
Hertha BSC,1. FC Nürnberg,2027-01-16T10:00:00+00:00,Bundesliga_2,False
Holstein Kiel,VfL Bochum 1848,2027-01-16T10:00:00+00:00,Bundesliga_2,False
SG Dynamo Dresden,VfL Wolfsburg,2027-01-16T10:00:00+00:00,Bundesliga_2,False
VfB Stuttgart,1. FSV Mainz 05,2027-01-16T10:00:00+00:00,Bundesliga,False
SpVgg Greuther Fürth,Karlsruher SC,2027-01-16T10:00:00+00:00,Bundesliga_2,False
1. FC Kaiserslautern,Energie Cottbus,2027-01-16T10:00:00+00:00,Bundesliga_2,False
Borussia M'gladbach,1. FC Union Berlin,2027-01-16T10:00:00+00:00,Bundesliga,False
VfL Osnabrück,Darmstadt 98,2027-01-16T10:00:00+00:00,Bundesliga_2,False
Bayer 04 Leverkusen,FC Schalke 04,2027-01-16T10:00:00+00:00,Bundesliga,False
Borussia Dortmund,SC Freiburg,2027-01-16T10:00:00+00:00,Bundesliga,False
Venezia,Frosinone,2027-01-16T13:00:00+00:00,Serie_A,False
Sassuolo,Monza,2027-01-16T13:00:00+00:00,Serie_A,False
SSC Napoli,Fiorentina,2027-01-16T13:00:00+00:00,Serie_A,False
Parma,Inter,2027-01-16T13:00:00+00:00,Serie_A,False
Lazio,Bologna,2027-01-16T13:00:00+00:00,Serie_A,False
Juventus,Genoa,2027-01-16T13:00:00+00:00,Serie_A,False
Cagliari,Como,2027-01-16T13:00:00+00:00,Serie_A,False
Atalanta,AS Roma,2027-01-16T13:00:00+00:00,Serie_A,False
AC Milan,Torino,2027-01-16T13:00:00+00:00,Serie_A,False
Lecce,Udinese,2027-01-16T13:00:00+00:00,Serie_A,False
Lincoln City,Millwall,2027-01-16T15:00:00+00:00,Championship,False
Bolton Wanderers,Southampton,2027-01-16T15:00:00+00:00,Championship,False
Cardiff City,Middlesbrough,2027-01-16T15:00:00+00:00,Championship,False
Charlton Athletic,Watford,2027-01-16T15:00:00+00:00,Championship,False
Wolverhampton,Burnley,2027-01-16T15:00:00+00:00,Championship,False
West Ham United,Swansea City,2027-01-16T15:00:00+00:00,Championship,False
Stoke City,Derby County,2027-01-16T15:00:00+00:00,Championship,False
Portsmouth,Norwich City,2027-01-16T15:00:00+00:00,Championship,False
Coventry City,Everton,2027-01-16T15:00:00+00:00,Premier_League,False
Hull City,Arsenal,2027-01-16T15:00:00+00:00,Premier_League,False
Liverpool FC,Crystal Palace,2027-01-16T15:00:00+00:00,Premier_League,False
Blackburn Rovers,West Bromwich Albion,2027-01-16T15:00:00+00:00,Championship,False
Newcastle United,Fulham,2027-01-16T15:00:00+00:00,Premier_League,False
Tottenham Hotspur,Leeds United,2027-01-16T15:00:00+00:00,Premier_League,False
Sheffield United,Bristol City,2027-01-16T15:00:00+00:00,Championship,False
Chelsea,Sunderland,2027-01-16T15:00:00+00:00,Premier_League,False
Queens Park Rangers,Birmingham City,2027-01-16T15:00:00+00:00,Championship,False
Preston North End,Wrexham,2027-01-16T15:00:00+00:00,Championship,False
Aston Villa,Manchester United,2027-01-16T15:00:00+00:00,Premier_League,False
Manchester City,Nottingham Forest,2027-01-16T15:00:00+00:00,Premier_League,False
Brentford,Brighton & Hove Albion,2027-01-16T15:00:00+00:00,Premier_League,False
Bournemouth,Ipswich Town,2027-01-16T15:00:00+00:00,Premier_League,False
SC Telstar,NEC Nijmegen,2027-01-16T15:30:00+00:00,Eredivisie,False
Excelsior,Feyenoord,2027-01-16T17:45:00+00:00,Eredivisie,False
ADO Den Haag,PEC Zwolle,2027-01-16T19:00:00+00:00,Eredivisie,False
RC Strasbourg,Le Mans,2027-01-16T20:00:00+00:00,Ligue_1,False
Olympique Lyonnais,Lorient,2027-01-16T20:00:00+00:00,Ligue_1,False
Olympique de Marseille,Lille,2027-01-16T20:00:00+00:00,Ligue_1,False
Nice,Le Havre,2027-01-16T20:00:00+00:00,Ligue_1,False
Auxerre,Troyes,2027-01-16T20:00:00+00:00,Ligue_1,False
AS Monaco,Stade Brestois,2027-01-16T20:00:00+00:00,Ligue_1,False
Paris FC,Toulouse,2027-01-16T20:00:00+00:00,Ligue_1,False
Angers,Paris Saint-Germain,2027-01-16T20:00:00+00:00,Ligue_1,False
Stade Rennais,RC Lens,2027-01-16T20:00:00+00:00,Ligue_1,False
Fortuna Sittard,PSV Eindhoven,2027-01-16T20:00:00+00:00,Eredivisie,False
FC Utrecht,FC Twente,2027-01-17T11:15:00+00:00,Eredivisie,False
AFC Ajax,FC Groningen,2027-01-17T13:30:00+00:00,Eredivisie,False
Go Ahead Eagles,AZ Alkmaar,2027-01-17T13:30:00+00:00,Eredivisie,False
SC Cambuur,Willem II Tilburg,2027-01-17T15:45:00+00:00,Eredivisie,False
Villarreal,Deportivo Alavés,2027-01-17T19:00:00+00:00,La_Liga,False
Real Racing Club,Osasuna,2027-01-17T19:00:00+00:00,La_Liga,False
Rayo Vallecano,Sevilla,2027-01-17T19:00:00+00:00,La_Liga,False
Real Betis,Deportivo de A Coruña,2027-01-17T19:00:00+00:00,La_Liga,False
Levante UD,Espanyol,2027-01-17T19:00:00+00:00,La_Liga,False
Getafe,Athletic Club,2027-01-17T19:00:00+00:00,La_Liga,False
FC Barcelona,Elche,2027-01-17T19:00:00+00:00,La_Liga,False
Celta Vigo,Valencia,2027-01-17T19:00:00+00:00,La_Liga,False
Atlético Madrid,Real Sociedad,2027-01-17T19:00:00+00:00,La_Liga,False
Málaga CF,Real Madrid,2027-01-17T19:00:00+00:00,La_Liga,False
Bodø/Glimt,Atlético Madrid,2027-01-19T17:45:00+00:00,Champions_League,False
Galatasaray,Feyenoord,2027-01-19T17:45:00+00:00,Champions_League,False
FC Porto,SK Slavia Praha,2027-01-19T20:00:00+00:00,Champions_League,False
Real Madrid,LASK,2027-01-19T20:00:00+00:00,Champions_League,False
Inter,Liverpool FC,2027-01-19T20:00:00+00:00,Champions_League,False
Aston Villa,Borussia Dortmund,2027-01-19T20:00:00+00:00,Champions_League,False
VfB Stuttgart,Club Brugge KV,2027-01-19T20:00:00+00:00,Champions_League,False
Lille,ŠK Slovan Bratislava,2027-01-19T20:00:00+00:00,Champions_League,False
AEK Athens,AS Roma,2027-01-19T20:00:00+00:00,Champions_League,False
Sabah FK,SSC Napoli,2027-01-20T17:45:00+00:00,Champions_League,False
Fenerbahçe,Villarreal,2027-01-20T17:45:00+00:00,Champions_League,False
RB Leipzig,Shakhtar Donetsk,2027-01-20T20:00:00+00:00,Champions_League,False
Viking FK,PSV Eindhoven,2027-01-20T20:00:00+00:00,Champions_League,False
Como,Paris Saint-Germain,2027-01-20T20:00:00+00:00,Champions_League,False
RC Lens,Manchester City,2027-01-20T20:00:00+00:00,Champions_League,False
Sporting CP,FC Barcelona,2027-01-20T20:00:00+00:00,Champions_League,False
Real Betis,Arsenal,2027-01-20T20:00:00+00:00,Champions_League,False
Manchester United,FC Bayern München,2027-01-20T20:00:00+00:00,Champions_League,False
Excelsior,Fortuna Sittard,2027-01-22T19:00:00+00:00,Eredivisie,False
VfL Osnabrück,1. FC Heidenheim,2027-01-23T10:00:00+00:00,Bundesliga_2,False
1. FC Kaiserslautern,VfL Wolfsburg,2027-01-23T10:00:00+00:00,Bundesliga_2,False
Arminia Bielefeld,Karlsruher SC,2027-01-23T10:00:00+00:00,Bundesliga_2,False
Eintracht Braunschweig,1. FC Magdeburg,2027-01-23T10:00:00+00:00,Bundesliga_2,False
Hannover 96,Energie Cottbus,2027-01-23T10:00:00+00:00,Bundesliga_2,False
TSG Hoffenheim,1. FC Köln,2027-01-23T10:00:00+00:00,Bundesliga,False
SV Werder Bremen,SC Freiburg,2027-01-23T10:00:00+00:00,Bundesliga,False
SC Paderborn 07,1. FSV Mainz 05,2027-01-23T10:00:00+00:00,Bundesliga,False
Hamburger SV,Borussia Dortmund,2027-01-23T10:00:00+00:00,Bundesliga,False
FC Schalke 04,FC Augsburg,2027-01-23T10:00:00+00:00,Bundesliga,False
Eintracht Frankfurt,1. FC Union Berlin,2027-01-23T10:00:00+00:00,Bundesliga,False
Borussia M'gladbach,RB Leipzig,2027-01-23T10:00:00+00:00,Bundesliga,False
Bayer 04 Leverkusen,SV 07 Elversberg,2027-01-23T10:00:00+00:00,Bundesliga,False
Hertha BSC,VfL Bochum 1848,2027-01-23T10:00:00+00:00,Bundesliga_2,False
Holstein Kiel,Darmstadt 98,2027-01-23T10:00:00+00:00,Bundesliga_2,False
SG Dynamo Dresden,1. FC Nürnberg,2027-01-23T10:00:00+00:00,Bundesliga_2,False
SpVgg Greuther Fürth,FC St. Pauli,2027-01-23T10:00:00+00:00,Bundesliga_2,False
VfB Stuttgart,FC Bayern München,2027-01-23T10:00:00+00:00,Bundesliga,False
Lecce,Torino,2027-01-23T13:00:00+00:00,Serie_A,False
Monza,Lazio,2027-01-23T13:00:00+00:00,Serie_A,False
Juventus,Cagliari,2027-01-23T13:00:00+00:00,Serie_A,False
Bologna,Atalanta,2027-01-23T13:00:00+00:00,Serie_A,False
Genoa,Parma,2027-01-23T13:00:00+00:00,Serie_A,False
Frosinone,AC Milan,2027-01-23T13:00:00+00:00,Serie_A,False
Fiorentina,Sassuolo,2027-01-23T13:00:00+00:00,Serie_A,False
Como,SSC Napoli,2027-01-23T13:00:00+00:00,Serie_A,False
AS Roma,Udinese,2027-01-23T13:00:00+00:00,Serie_A,False
Inter,Venezia,2027-01-23T13:00:00+00:00,Serie_A,False
Blackburn Rovers,Swansea City,2027-01-23T15:00:00+00:00,Championship,False
Birmingham City,Lincoln City,2027-01-23T15:00:00+00:00,Championship,False
Wrexham,Sheffield United,2027-01-23T15:00:00+00:00,Championship,False
Sunderland,Coventry City,2027-01-23T15:00:00+00:00,Premier_League,False
Nottingham Forest,Bournemouth,2027-01-23T15:00:00+00:00,Premier_League,False
Manchester United,Liverpool FC,2027-01-23T15:00:00+00:00,Premier_League,False
Leeds United,Chelsea,2027-01-23T15:00:00+00:00,Premier_League,False
Ipswich Town,Hull City,2027-01-23T15:00:00+00:00,Premier_League,False
Fulham,Aston Villa,2027-01-23T15:00:00+00:00,Premier_League,False
Brighton & Hove Albion,Manchester City,2027-01-23T15:00:00+00:00,Premier_League,False
Crystal Palace,Tottenham Hotspur,2027-01-23T15:00:00+00:00,Premier_League,False
Arsenal,Newcastle United,2027-01-23T15:00:00+00:00,Premier_League,False
WSG Tirol,LASK,2027-01-23T15:00:00+00:00,Austrian_Bundesliga,False
TSV Hartberg,SK Rapid Wien,2027-01-23T15:00:00+00:00,Austrian_Bundesliga,False
SV Ried,SCR Altach,2027-01-23T15:00:00+00:00,Austrian_Bundesliga,False
SK Sturm Graz,Wolfsberger AC,2027-01-23T15:00:00+00:00,Austrian_Bundesliga,False
SC Austria Lustenau,Red Bull Salzburg,2027-01-23T15:00:00+00:00,Austrian_Bundesliga,False
FK Austria Wien,Grazer AK 1902,2027-01-23T15:00:00+00:00,Austrian_Bundesliga,False
Everton,Brentford,2027-01-23T15:00:00+00:00,Premier_League,False
Cardiff City,Wolverhampton,2027-01-23T15:00:00+00:00,Championship,False
Bristol City,Bolton Wanderers,2027-01-23T15:00:00+00:00,Championship,False
Charlton Athletic,Middlesbrough,2027-01-23T15:00:00+00:00,Championship,False
Derby County,Millwall,2027-01-23T15:00:00+00:00,Championship,False
Portsmouth,Burnley,2027-01-23T15:00:00+00:00,Championship,False
Preston North End,Stoke City,2027-01-23T15:00:00+00:00,Championship,False
Queens Park Rangers,Southampton,2027-01-23T15:00:00+00:00,Championship,False
Watford,Norwich City,2027-01-23T15:00:00+00:00,Championship,False
West Bromwich Albion,West Ham United,2027-01-23T15:00:00+00:00,Championship,False
AFC Ajax,SC Telstar,2027-01-23T15:30:00+00:00,Eredivisie,False
Feyenoord,PEC Zwolle,2027-01-23T17:45:00+00:00,Eredivisie,False
FC Twente,SC Heerenveen,2027-01-23T19:00:00+00:00,Eredivisie,False
Le Havre,Stade Rennais,2027-01-23T20:00:00+00:00,Ligue_1,False
PSV Eindhoven,ADO Den Haag,2027-01-23T20:00:00+00:00,Eredivisie,False
RC Strasbourg,Olympique Lyonnais,2027-01-23T20:00:00+00:00,Ligue_1,False
RC Lens,Stade Brestois,2027-01-23T20:00:00+00:00,Ligue_1,False
Le Mans,Angers,2027-01-23T20:00:00+00:00,Ligue_1,False
Lorient,Olympique de Marseille,2027-01-23T20:00:00+00:00,Ligue_1,False
Lille,Paris FC,2027-01-23T20:00:00+00:00,Ligue_1,False
Troyes,AS Monaco,2027-01-23T20:00:00+00:00,Ligue_1,False
Paris Saint-Germain,Auxerre,2027-01-23T20:00:00+00:00,Ligue_1,False
Toulouse,Nice,2027-01-23T20:00:00+00:00,Ligue_1,False
Go Ahead Eagles,SC Cambuur,2027-01-24T11:15:00+00:00,Eredivisie,False
NEC Nijmegen,Willem II Tilburg,2027-01-24T13:30:00+00:00,Eredivisie,False
Sparta Rotterdam,FC Groningen,2027-01-24T13:30:00+00:00,Eredivisie,False
AZ Alkmaar,FC Utrecht,2027-01-24T15:45:00+00:00,Eredivisie,False
Valencia,Sevilla,2027-01-24T19:00:00+00:00,La_Liga,False
Real Sociedad,Málaga CF,2027-01-24T19:00:00+00:00,La_Liga,False
Real Racing Club,Celta Vigo,2027-01-24T19:00:00+00:00,La_Liga,False
Real Madrid,Real Betis,2027-01-24T19:00:00+00:00,La_Liga,False
Getafe,Osasuna,2027-01-24T19:00:00+00:00,La_Liga,False
Espanyol,Villarreal,2027-01-24T19:00:00+00:00,La_Liga,False
Elche,Rayo Vallecano,2027-01-24T19:00:00+00:00,La_Liga,False
Deportivo de A Coruña,Atlético Madrid,2027-01-24T19:00:00+00:00,La_Liga,False
Deportivo Alavés,FC Barcelona,2027-01-24T19:00:00+00:00,La_Liga,False
Athletic Club,Levante UD,2027-01-24T19:00:00+00:00,La_Liga,False
Bolton Wanderers,Charlton Athletic,2027-01-26T19:45:00+00:00,Championship,False
Burnley,Queens Park Rangers,2027-01-26T19:45:00+00:00,Championship,False
Lincoln City,Watford,2027-01-26T19:45:00+00:00,Championship,False
Sheffield United,Preston North End,2027-01-26T19:45:00+00:00,Championship,False
Norwich City,Derby County,2027-01-26T19:45:00+00:00,Championship,False
Millwall,Birmingham City,2027-01-26T19:45:00+00:00,Championship,False
Stoke City,Blackburn Rovers,2027-01-26T19:45:00+00:00,Championship,False
Southampton,West Bromwich Albion,2027-01-26T19:45:00+00:00,Championship,False
Middlesbrough,Wrexham,2027-01-27T19:45:00+00:00,Championship,False
Swansea City,Portsmouth,2027-01-27T19:45:00+00:00,Championship,False
West Ham United,Cardiff City,2027-01-27T19:45:00+00:00,Championship,False
Wolverhampton,Bristol City,2027-01-27T19:45:00+00:00,Championship,False
FC Bayern München,Real Betis,2027-01-27T20:00:00+00:00,Champions_League,False
SSC Napoli,Viking FK,2027-01-27T20:00:00+00:00,Champions_League,False
Arsenal,Sabah FK,2027-01-27T20:00:00+00:00,Champions_League,False
Liverpool FC,RC Lens,2027-01-27T20:00:00+00:00,Champions_League,False
Paris Saint-Germain,Galatasaray,2027-01-27T20:00:00+00:00,Champions_League,False
Borussia Dortmund,AEK Athens,2027-01-27T20:00:00+00:00,Champions_League,False
PSV Eindhoven,VfB Stuttgart,2027-01-27T20:00:00+00:00,Champions_League,False
FC Barcelona,Como,2027-01-27T20:00:00+00:00,Champions_League,False
ŠK Slovan Bratislava,Inter,2027-01-27T20:00:00+00:00,Champions_League,False
Feyenoord,RB Leipzig,2027-01-27T20:00:00+00:00,Champions_League,False
LASK,FC Porto,2027-01-27T20:00:00+00:00,Champions_League,False
Manchester City,Sporting CP,2027-01-27T20:00:00+00:00,Champions_League,False
Atlético Madrid,Fenerbahçe,2027-01-27T20:00:00+00:00,Champions_League,False
SK Slavia Praha,Aston Villa,2027-01-27T20:00:00+00:00,Champions_League,False
Villarreal,Manchester United,2027-01-27T20:00:00+00:00,Champions_League,False
Shakhtar Donetsk,Real Madrid,2027-01-27T20:00:00+00:00,Champions_League,False
AS Roma,Lille,2027-01-27T20:00:00+00:00,Champions_League,False
Club Brugge KV,Bodø/Glimt,2027-01-27T20:00:00+00:00,Champions_League,False
FC Utrecht,Excelsior,2027-01-29T19:00:00+00:00,Eredivisie,False
1. FC Heidenheim,Hertha BSC,2027-01-30T10:00:00+00:00,Bundesliga_2,False
1. FC Magdeburg,VfL Osnabrück,2027-01-30T10:00:00+00:00,Bundesliga_2,False
1. FC Nürnberg,SpVgg Greuther Fürth,2027-01-30T10:00:00+00:00,Bundesliga_2,False
Energie Cottbus,Arminia Bielefeld,2027-01-30T10:00:00+00:00,Bundesliga_2,False
FC St. Pauli,Holstein Kiel,2027-01-30T10:00:00+00:00,Bundesliga_2,False
Karlsruher SC,1. FC Kaiserslautern,2027-01-30T10:00:00+00:00,Bundesliga_2,False
VfL Bochum 1848,Eintracht Braunschweig,2027-01-30T10:00:00+00:00,Bundesliga_2,False
VfL Wolfsburg,Hannover 96,2027-01-30T10:00:00+00:00,Bundesliga_2,False
Darmstadt 98,SG Dynamo Dresden,2027-01-30T10:00:00+00:00,Bundesliga_2,False
FC Augsburg,Eintracht Frankfurt,2027-01-30T10:00:00+00:00,Bundesliga,False
SV 07 Elversberg,Borussia M'gladbach,2027-01-30T10:00:00+00:00,Bundesliga,False
1. FC Köln,VfB Stuttgart,2027-01-30T10:00:00+00:00,Bundesliga,False
1. FC Union Berlin,Bayer 04 Leverkusen,2027-01-30T10:00:00+00:00,Bundesliga,False
1. FSV Mainz 05,Hamburger SV,2027-01-30T10:00:00+00:00,Bundesliga,False
Borussia Dortmund,TSG Hoffenheim,2027-01-30T10:00:00+00:00,Bundesliga,False
SC Freiburg,SC Paderborn 07,2027-01-30T10:00:00+00:00,Bundesliga,False
RB Leipzig,SV Werder Bremen,2027-01-30T10:00:00+00:00,Bundesliga,False
FC Bayern München,FC Schalke 04,2027-01-30T10:00:00+00:00,Bundesliga,False
Monza,AS Roma,2027-01-30T13:00:00+00:00,Serie_A,False
Lazio,Venezia,2027-01-30T13:00:00+00:00,Serie_A,False
Genoa,Lecce,2027-01-30T13:00:00+00:00,Serie_A,False
Cagliari,Parma,2027-01-30T13:00:00+00:00,Serie_A,False
Atalanta,Fiorentina,2027-01-30T13:00:00+00:00,Serie_A,False
Torino,Frosinone,2027-01-30T13:00:00+00:00,Serie_A,False
AC Milan,Juventus,2027-01-30T13:00:00+00:00,Serie_A,False
Udinese,Bologna,2027-01-30T13:00:00+00:00,Serie_A,False
SSC Napoli,Inter,2027-01-30T13:00:00+00:00,Serie_A,False
Sassuolo,Como,2027-01-30T13:00:00+00:00,Serie_A,False
West Ham United,Blackburn Rovers,2027-01-30T15:00:00+00:00,Championship,False
Swansea City,Birmingham City,2027-01-30T15:00:00+00:00,Championship,False
Stoke City,Portsmouth,2027-01-30T15:00:00+00:00,Championship,False
Southampton,Preston North End,2027-01-30T15:00:00+00:00,Championship,False
Norwich City,Bristol City,2027-01-30T15:00:00+00:00,Championship,False
Millwall,West Bromwich Albion,2027-01-30T15:00:00+00:00,Championship,False
Middlesbrough,Watford,2027-01-30T15:00:00+00:00,Championship,False
Lincoln City,Queens Park Rangers,2027-01-30T15:00:00+00:00,Championship,False
Burnley,Cardiff City,2027-01-30T15:00:00+00:00,Championship,False
Bolton Wanderers,Derby County,2027-01-30T15:00:00+00:00,Championship,False
Wolverhampton,Wrexham,2027-01-30T15:00:00+00:00,Championship,False
Sheffield United,Charlton Athletic,2027-01-30T15:00:00+00:00,Championship,False
Aston Villa,Ipswich Town,2027-01-30T15:00:00+00:00,Premier_League,False
Wolfsberger AC,TSV Hartberg,2027-01-30T15:00:00+00:00,Austrian_Bundesliga,False
Grazer AK 1902,WSG Tirol,2027-01-30T15:00:00+00:00,Austrian_Bundesliga,False
LASK,SK Sturm Graz,2027-01-30T15:00:00+00:00,Austrian_Bundesliga,False
Bournemouth,Fulham,2027-01-30T15:00:00+00:00,Premier_League,False
Red Bull Salzburg,SV Ried,2027-01-30T15:00:00+00:00,Austrian_Bundesliga,False
SCR Altach,SC Austria Lustenau,2027-01-30T15:00:00+00:00,Austrian_Bundesliga,False
Tottenham Hotspur,Sunderland,2027-01-30T15:00:00+00:00,Premier_League,False
SK Rapid Wien,FK Austria Wien,2027-01-30T15:00:00+00:00,Austrian_Bundesliga,False
Manchester City,Arsenal,2027-01-30T15:00:00+00:00,Premier_League,False
Liverpool FC,Everton,2027-01-30T15:00:00+00:00,Premier_League,False
Hull City,Crystal Palace,2027-01-30T15:00:00+00:00,Premier_League,False
Coventry City,Leeds United,2027-01-30T15:00:00+00:00,Premier_League,False
Chelsea,Nottingham Forest,2027-01-30T15:00:00+00:00,Premier_League,False
Newcastle United,Brighton & Hove Albion,2027-01-30T15:00:00+00:00,Premier_League,False
Brentford,Manchester United,2027-01-30T15:00:00+00:00,Premier_League,False
Sparta Rotterdam,SC Telstar,2027-01-30T15:30:00+00:00,Eredivisie,False
ADO Den Haag,Go Ahead Eagles,2027-01-30T17:45:00+00:00,Eredivisie,False
Willem II Tilburg,PSV Eindhoven,2027-01-30T19:00:00+00:00,Eredivisie,False
Toulouse,RC Lens,2027-01-30T20:00:00+00:00,Ligue_1,False
Stade Rennais,Lorient,2027-01-30T20:00:00+00:00,Ligue_1,False
Paris FC,Auxerre,2027-01-30T20:00:00+00:00,Ligue_1,False
Olympique de Marseille,Troyes,2027-01-30T20:00:00+00:00,Ligue_1,False
Olympique Lyonnais,Lille,2027-01-30T20:00:00+00:00,Ligue_1,False
Le Mans,Nice,2027-01-30T20:00:00+00:00,Ligue_1,False
Angers,Le Havre,2027-01-30T20:00:00+00:00,Ligue_1,False
AS Monaco,Paris Saint-Germain,2027-01-30T20:00:00+00:00,Ligue_1,False
PEC Zwolle,Fortuna Sittard,2027-01-30T20:00:00+00:00,Eredivisie,False
Stade Brestois,RC Strasbourg,2027-01-30T20:00:00+00:00,Ligue_1,False
SC Heerenveen,AFC Ajax,2027-01-31T11:15:00+00:00,Eredivisie,False
AZ Alkmaar,Feyenoord,2027-01-31T13:30:00+00:00,Eredivisie,False
FC Twente,SC Cambuur,2027-01-31T13:30:00+00:00,Eredivisie,False
FC Groningen,NEC Nijmegen,2027-01-31T15:45:00+00:00,Eredivisie,False
Málaga CF,Deportivo Alavés,2027-01-31T19:00:00+00:00,La_Liga,False
Rayo Vallecano,Real Madrid,2027-01-31T19:00:00+00:00,La_Liga,False
Real Betis,Elche,2027-01-31T19:00:00+00:00,La_Liga,False
Sevilla,Athletic Club,2027-01-31T19:00:00+00:00,La_Liga,False
Villarreal,Real Racing Club,2027-01-31T19:00:00+00:00,La_Liga,False
Levante UD,Real Sociedad,2027-01-31T19:00:00+00:00,La_Liga,False
Celta Vigo,Getafe,2027-01-31T19:00:00+00:00,La_Liga,False
FC Barcelona,Valencia,2027-01-31T19:00:00+00:00,La_Liga,False
Atlético Madrid,Espanyol,2027-01-31T19:00:00+00:00,La_Liga,False
Osasuna,Deportivo de A Coruña,2027-01-31T19:00:00+00:00,La_Liga,False
Borussia M'gladbach,SC Freiburg,2027-02-06T10:00:00+00:00,Bundesliga,False
Eintracht Frankfurt,1. FSV Mainz 05,2027-02-06T10:00:00+00:00,Bundesliga,False
SV Werder Bremen,1. FC Köln,2027-02-06T10:00:00+00:00,Bundesliga,False
SC Paderborn 07,Borussia Dortmund,2027-02-06T10:00:00+00:00,Bundesliga,False
Hamburger SV,RB Leipzig,2027-02-06T10:00:00+00:00,Bundesliga,False
FC Schalke 04,1. FC Union Berlin,2027-02-06T10:00:00+00:00,Bundesliga,False
FC Bayern München,SV 07 Elversberg,2027-02-06T10:00:00+00:00,Bundesliga,False
VfL Wolfsburg,Karlsruher SC,2027-02-06T10:00:00+00:00,Bundesliga_2,False
VfB Stuttgart,TSG Hoffenheim,2027-02-06T10:00:00+00:00,Bundesliga,False
SpVgg Greuther Fürth,Energie Cottbus,2027-02-06T10:00:00+00:00,Bundesliga_2,False
SG Dynamo Dresden,1. FC Heidenheim,2027-02-06T10:00:00+00:00,Bundesliga_2,False
Holstein Kiel,1. FC Magdeburg,2027-02-06T10:00:00+00:00,Bundesliga_2,False
Hertha BSC,Eintracht Braunschweig,2027-02-06T10:00:00+00:00,Bundesliga_2,False
Hannover 96,Darmstadt 98,2027-02-06T10:00:00+00:00,Bundesliga_2,False
Arminia Bielefeld,1. FC Nürnberg,2027-02-06T10:00:00+00:00,Bundesliga_2,False
1. FC Kaiserslautern,FC St. Pauli,2027-02-06T10:00:00+00:00,Bundesliga_2,False
Bayer 04 Leverkusen,FC Augsburg,2027-02-06T10:00:00+00:00,Bundesliga,False
VfL Osnabrück,VfL Bochum 1848,2027-02-06T10:00:00+00:00,Bundesliga_2,False
Como,Monza,2027-02-06T13:00:00+00:00,Serie_A,False
Bologna,AC Milan,2027-02-06T13:00:00+00:00,Serie_A,False
AS Roma,Torino,2027-02-06T13:00:00+00:00,Serie_A,False
Venezia,Genoa,2027-02-06T13:00:00+00:00,Serie_A,False
Parma,Frosinone,2027-02-06T13:00:00+00:00,Serie_A,False
Lecce,SSC Napoli,2027-02-06T13:00:00+00:00,Serie_A,False
Juventus,Sassuolo,2027-02-06T13:00:00+00:00,Serie_A,False
Inter,Cagliari,2027-02-06T13:00:00+00:00,Serie_A,False
Fiorentina,Udinese,2027-02-06T13:00:00+00:00,Serie_A,False
Atalanta,Lazio,2027-02-06T13:00:00+00:00,Serie_A,False
Grazer AK 1902,SV Ried,2027-02-06T15:00:00+00:00,Austrian_Bundesliga,False
Ipswich Town,Tottenham Hotspur,2027-02-06T15:00:00+00:00,Premier_League,False
Leeds United,Bournemouth,2027-02-06T15:00:00+00:00,Premier_League,False
Manchester United,Chelsea,2027-02-06T15:00:00+00:00,Premier_League,False
Nottingham Forest,Brentford,2027-02-06T15:00:00+00:00,Premier_League,False
LASK,Wolfsberger AC,2027-02-06T15:00:00+00:00,Austrian_Bundesliga,False
TSV Hartberg,Red Bull Salzburg,2027-02-06T15:00:00+00:00,Austrian_Bundesliga,False
SC Austria Lustenau,SK Sturm Graz,2027-02-06T15:00:00+00:00,Austrian_Bundesliga,False
Fulham,Manchester City,2027-02-06T15:00:00+00:00,Premier_League,False
FK Austria Wien,SCR Altach,2027-02-06T15:00:00+00:00,Austrian_Bundesliga,False
Sunderland,Aston Villa,2027-02-06T15:00:00+00:00,Premier_League,False
Everton,Newcastle United,2027-02-06T15:00:00+00:00,Premier_League,False
Birmingham City,Stoke City,2027-02-06T15:00:00+00:00,Championship,False
Crystal Palace,Coventry City,2027-02-06T15:00:00+00:00,Premier_League,False
WSG Tirol,SK Rapid Wien,2027-02-06T15:00:00+00:00,Austrian_Bundesliga,False
Arsenal,Liverpool FC,2027-02-06T15:00:00+00:00,Premier_League,False
Brighton & Hove Albion,Hull City,2027-02-06T15:00:00+00:00,Premier_League,False
Blackburn Rovers,Burnley,2027-02-06T15:00:00+00:00,Championship,False
Wrexham,Lincoln City,2027-02-06T15:00:00+00:00,Championship,False
Watford,Sheffield United,2027-02-06T15:00:00+00:00,Championship,False
West Bromwich Albion,Swansea City,2027-02-06T15:00:00+00:00,Championship,False
Preston North End,West Ham United,2027-02-06T15:00:00+00:00,Championship,False
Portsmouth,Bolton Wanderers,2027-02-06T15:00:00+00:00,Championship,False
Derby County,Southampton,2027-02-06T15:00:00+00:00,Championship,False
Charlton Athletic,Wolverhampton,2027-02-06T15:00:00+00:00,Championship,False
Cardiff City,Norwich City,2027-02-06T15:00:00+00:00,Championship,False
Bristol City,Middlesbrough,2027-02-06T15:00:00+00:00,Championship,False
Queens Park Rangers,Millwall,2027-02-06T15:00:00+00:00,Championship,False
Nice,Stade Brestois,2027-02-06T20:00:00+00:00,Ligue_1,False
Auxerre,AS Monaco,2027-02-06T20:00:00+00:00,Ligue_1,False
Le Havre,Toulouse,2027-02-06T20:00:00+00:00,Ligue_1,False
Lorient,Le Mans,2027-02-06T20:00:00+00:00,Ligue_1,False
RC Lens,Angers,2027-02-06T20:00:00+00:00,Ligue_1,False
Stade Rennais,Olympique Lyonnais,2027-02-06T20:00:00+00:00,Ligue_1,False
Troyes,Lille,2027-02-06T20:00:00+00:00,Ligue_1,False
RC Strasbourg,Paris FC,2027-02-06T20:00:00+00:00,Ligue_1,False
Valencia,Real Racing Club,2027-02-07T19:00:00+00:00,La_Liga,False
Real Betis,Sevilla,2027-02-07T19:00:00+00:00,La_Liga,False
Getafe,Villarreal,2027-02-07T19:00:00+00:00,La_Liga,False
FC Barcelona,Atlético Madrid,2027-02-07T19:00:00+00:00,La_Liga,False
Espanyol,Rayo Vallecano,2027-02-07T19:00:00+00:00,La_Liga,False
Elche,Levante UD,2027-02-07T19:00:00+00:00,La_Liga,False
Real Sociedad,Real Madrid,2027-02-07T19:00:00+00:00,La_Liga,False
Deportivo de A Coruña,Málaga CF,2027-02-07T19:00:00+00:00,La_Liga,False
Deportivo Alavés,Celta Vigo,2027-02-07T19:00:00+00:00,La_Liga,False
Athletic Club,Osasuna,2027-02-07T19:00:00+00:00,La_Liga,False
Paris Saint-Germain,Olympique de Marseille,2027-02-07T19:45:00+00:00,Ligue_1,False
Hull City,Sunderland,2027-02-10T20:00:00+00:00,Premier_League,False
Coventry City,Liverpool FC,2027-02-10T20:00:00+00:00,Premier_League,False
Aston Villa,Bournemouth,2027-02-10T20:00:00+00:00,Premier_League,False
Ipswich Town,Arsenal,2027-02-10T20:00:00+00:00,Premier_League,False
Fulham,Nottingham Forest,2027-02-10T20:00:00+00:00,Premier_League,False
Crystal Palace,Brentford,2027-02-10T20:00:00+00:00,Premier_League,False
Everton,Leeds United,2027-02-10T20:00:00+00:00,Premier_League,False
Manchester United,Brighton & Hove Albion,2027-02-10T20:00:00+00:00,Premier_League,False
Tottenham Hotspur,Manchester City,2027-02-10T20:00:00+00:00,Premier_League,False
Newcastle United,Chelsea,2027-02-10T20:00:00+00:00,Premier_League,False
SV 07 Elversberg,FC Schalke 04,2027-02-13T10:00:00+00:00,Bundesliga,False
SC Freiburg,Eintracht Frankfurt,2027-02-13T10:00:00+00:00,Bundesliga,False
RB Leipzig,Bayer 04 Leverkusen,2027-02-13T10:00:00+00:00,Bundesliga,False
FC Augsburg,SV Werder Bremen,2027-02-13T10:00:00+00:00,Bundesliga,False
Karlsruher SC,Hannover 96,2027-02-13T10:00:00+00:00,Bundesliga_2,False
1. FSV Mainz 05,Borussia M'gladbach,2027-02-13T10:00:00+00:00,Bundesliga,False
Borussia Dortmund,VfB Stuttgart,2027-02-13T10:00:00+00:00,Bundesliga,False
1. FC Köln,Hamburger SV,2027-02-13T10:00:00+00:00,Bundesliga,False
Darmstadt 98,1. FC Kaiserslautern,2027-02-13T10:00:00+00:00,Bundesliga_2,False
Eintracht Braunschweig,VfL Osnabrück,2027-02-13T10:00:00+00:00,Bundesliga_2,False
Energie Cottbus,VfL Wolfsburg,2027-02-13T10:00:00+00:00,Bundesliga_2,False
FC St. Pauli,Arminia Bielefeld,2027-02-13T10:00:00+00:00,Bundesliga_2,False
TSG Hoffenheim,SC Paderborn 07,2027-02-13T10:00:00+00:00,Bundesliga,False
1. FC Union Berlin,FC Bayern München,2027-02-13T10:00:00+00:00,Bundesliga,False
VfL Bochum 1848,SG Dynamo Dresden,2027-02-13T10:00:00+00:00,Bundesliga_2,False
1. FC Nürnberg,Holstein Kiel,2027-02-13T10:00:00+00:00,Bundesliga_2,False
1. FC Magdeburg,Hertha BSC,2027-02-13T10:00:00+00:00,Bundesliga_2,False
1. FC Heidenheim,SpVgg Greuther Fürth,2027-02-13T10:00:00+00:00,Bundesliga_2,False
Bologna,Como,2027-02-13T13:00:00+00:00,Serie_A,False
Udinese,Venezia,2027-02-13T13:00:00+00:00,Serie_A,False
SSC Napoli,Juventus,2027-02-13T13:00:00+00:00,Serie_A,False
Monza,Lecce,2027-02-13T13:00:00+00:00,Serie_A,False
Inter,AC Milan,2027-02-13T13:00:00+00:00,Serie_A,False
Genoa,Atalanta,2027-02-13T13:00:00+00:00,Serie_A,False
Frosinone,Fiorentina,2027-02-13T13:00:00+00:00,Serie_A,False
Cagliari,Lazio,2027-02-13T13:00:00+00:00,Serie_A,False
AS Roma,Parma,2027-02-13T13:00:00+00:00,Serie_A,False
Torino,Sassuolo,2027-02-13T13:00:00+00:00,Serie_A,False
Birmingham City,Derby County,2027-02-13T15:00:00+00:00,Championship,False
FK Austria Wien,TSV Hartberg,2027-02-13T15:00:00+00:00,Austrian_Bundesliga,False
Red Bull Salzburg,WSG Tirol,2027-02-13T15:00:00+00:00,Austrian_Bundesliga,False
SCR Altach,LASK,2027-02-13T15:00:00+00:00,Austrian_Bundesliga,False
SK Sturm Graz,SK Rapid Wien,2027-02-13T15:00:00+00:00,Austrian_Bundesliga,False
SV Ried,SC Austria Lustenau,2027-02-13T15:00:00+00:00,Austrian_Bundesliga,False
Wolfsberger AC,Grazer AK 1902,2027-02-13T15:00:00+00:00,Austrian_Bundesliga,False
Stoke City,Watford,2027-02-13T15:00:00+00:00,Championship,False
Bristol City,Southampton,2027-02-13T15:00:00+00:00,Championship,False
Wolverhampton,Sheffield United,2027-02-13T15:00:00+00:00,Championship,False
Portsmouth,Charlton Athletic,2027-02-13T15:00:00+00:00,Championship,False
Norwich City,Middlesbrough,2027-02-13T15:00:00+00:00,Championship,False
Millwall,Blackburn Rovers,2027-02-13T15:00:00+00:00,Championship,False
Lincoln City,Preston North End,2027-02-13T15:00:00+00:00,Championship,False
Cardiff City,Bolton Wanderers,2027-02-13T15:00:00+00:00,Championship,False
Wrexham,West Ham United,2027-02-13T15:00:00+00:00,Championship,False
Burnley,Swansea City,2027-02-13T15:00:00+00:00,Championship,False
Queens Park Rangers,West Bromwich Albion,2027-02-13T15:00:00+00:00,Championship,False
Go Ahead Eagles,PEC Zwolle,2027-02-13T17:00:00+00:00,Eredivisie,False
Fortuna Sittard,ADO Den Haag,2027-02-13T17:00:00+00:00,Eredivisie,False
Feyenoord,NEC Nijmegen,2027-02-13T17:00:00+00:00,Eredivisie,False
FC Groningen,AZ Alkmaar,2027-02-13T17:00:00+00:00,Eredivisie,False
Excelsior,AFC Ajax,2027-02-13T17:00:00+00:00,Eredivisie,False
PSV Eindhoven,FC Twente,2027-02-13T17:00:00+00:00,Eredivisie,False
SC Cambuur,FC Utrecht,2027-02-13T17:00:00+00:00,Eredivisie,False
SC Telstar,SC Heerenveen,2027-02-13T17:00:00+00:00,Eredivisie,False
Willem II Tilburg,Sparta Rotterdam,2027-02-13T17:00:00+00:00,Eredivisie,False
Lille,Nice,2027-02-13T20:00:00+00:00,Ligue_1,False
Stade Brestois,Stade Rennais,2027-02-13T20:00:00+00:00,Ligue_1,False
Paris FC,Troyes,2027-02-13T20:00:00+00:00,Ligue_1,False
Olympique de Marseille,Angers,2027-02-13T20:00:00+00:00,Ligue_1,False
Olympique Lyonnais,RC Lens,2027-02-13T20:00:00+00:00,Ligue_1,False
Auxerre,RC Strasbourg,2027-02-13T20:00:00+00:00,Ligue_1,False
Le Mans,Paris Saint-Germain,2027-02-13T20:00:00+00:00,Ligue_1,False
Toulouse,AS Monaco,2027-02-13T20:00:00+00:00,Ligue_1,False
Lorient,Le Havre,2027-02-13T20:00:00+00:00,Ligue_1,False
Elche,Deportivo de A Coruña,2027-02-14T19:00:00+00:00,La_Liga,False
Villarreal,FC Barcelona,2027-02-14T19:00:00+00:00,La_Liga,False
Celta Vigo,Rayo Vallecano,2027-02-14T19:00:00+00:00,La_Liga,False
Valencia,Deportivo Alavés,2027-02-14T19:00:00+00:00,La_Liga,False
Levante UD,Málaga CF,2027-02-14T19:00:00+00:00,La_Liga,False
Osasuna,Atlético Madrid,2027-02-14T19:00:00+00:00,La_Liga,False
Real Madrid,Athletic Club,2027-02-14T19:00:00+00:00,La_Liga,False
Real Racing Club,Getafe,2027-02-14T19:00:00+00:00,La_Liga,False
Real Sociedad,Real Betis,2027-02-14T19:00:00+00:00,La_Liga,False
Sevilla,Espanyol,2027-02-14T19:00:00+00:00,La_Liga,False
Charlton Athletic,Burnley,2027-02-16T19:45:00+00:00,Championship,False
Blackburn Rovers,Bristol City,2027-02-16T19:45:00+00:00,Championship,False
Sheffield United,Portsmouth,2027-02-16T19:45:00+00:00,Championship,False
Watford,Cardiff City,2027-02-16T19:45:00+00:00,Championship,False
Preston North End,Birmingham City,2027-02-16T19:45:00+00:00,Championship,False
West Ham United,Lincoln City,2027-02-16T19:45:00+00:00,Championship,False
Derby County,Queens Park Rangers,2027-02-16T19:45:00+00:00,Championship,False
West Bromwich Albion,Wrexham,2027-02-16T19:45:00+00:00,Championship,False
Middlesbrough,Stoke City,2027-02-17T19:45:00+00:00,Championship,False
Swansea City,Millwall,2027-02-17T19:45:00+00:00,Championship,False
Southampton,Norwich City,2027-02-17T19:45:00+00:00,Championship,False
Bolton Wanderers,Wolverhampton,2027-02-17T19:45:00+00:00,Championship,False
SG Dynamo Dresden,Eintracht Braunschweig,2027-02-20T10:00:00+00:00,Bundesliga_2,False
Eintracht Frankfurt,RB Leipzig,2027-02-20T10:00:00+00:00,Bundesliga,False
FC Bayern München,FC Augsburg,2027-02-20T10:00:00+00:00,Bundesliga,False
FC Schalke 04,SC Freiburg,2027-02-20T10:00:00+00:00,Bundesliga,False
Hamburger SV,TSG Hoffenheim,2027-02-20T10:00:00+00:00,Bundesliga,False
SV 07 Elversberg,1. FC Union Berlin,2027-02-20T10:00:00+00:00,Bundesliga,False
1. FC Kaiserslautern,1. FC Magdeburg,2027-02-20T10:00:00+00:00,Bundesliga_2,False
SV Werder Bremen,Borussia Dortmund,2027-02-20T10:00:00+00:00,Bundesliga,False
VfB Stuttgart,SC Paderborn 07,2027-02-20T10:00:00+00:00,Bundesliga,False
Arminia Bielefeld,Darmstadt 98,2027-02-20T10:00:00+00:00,Bundesliga_2,False
Energie Cottbus,Karlsruher SC,2027-02-20T10:00:00+00:00,Bundesliga_2,False
VfL Wolfsburg,FC St. Pauli,2027-02-20T10:00:00+00:00,Bundesliga_2,False
SpVgg Greuther Fürth,VfL Bochum 1848,2027-02-20T10:00:00+00:00,Bundesliga_2,False
Hannover 96,1. FC Nürnberg,2027-02-20T10:00:00+00:00,Bundesliga_2,False
Bayer 04 Leverkusen,1. FSV Mainz 05,2027-02-20T10:00:00+00:00,Bundesliga,False
Holstein Kiel,1. FC Heidenheim,2027-02-20T10:00:00+00:00,Bundesliga_2,False
Hertha BSC,VfL Osnabrück,2027-02-20T10:00:00+00:00,Bundesliga_2,False
Borussia M'gladbach,1. FC Köln,2027-02-20T10:00:00+00:00,Bundesliga,False
Fiorentina,Inter,2027-02-20T13:00:00+00:00,Serie_A,False
Como,Torino,2027-02-20T13:00:00+00:00,Serie_A,False
Atalanta,Monza,2027-02-20T13:00:00+00:00,Serie_A,False
Juventus,Bologna,2027-02-20T13:00:00+00:00,Serie_A,False
AC Milan,Genoa,2027-02-20T13:00:00+00:00,Serie_A,False
Lecce,Frosinone,2027-02-20T13:00:00+00:00,Serie_A,False
Sassuolo,AS Roma,2027-02-20T13:00:00+00:00,Serie_A,False
Udinese,Parma,2027-02-20T13:00:00+00:00,Serie_A,False
Venezia,Cagliari,2027-02-20T13:00:00+00:00,Serie_A,False
Lazio,SSC Napoli,2027-02-20T13:00:00+00:00,Serie_A,False
Liverpool FC,Hull City,2027-02-20T15:00:00+00:00,Premier_League,False
Leeds United,Aston Villa,2027-02-20T15:00:00+00:00,Premier_League,False
Chelsea,Ipswich Town,2027-02-20T15:00:00+00:00,Premier_League,False
Brighton & Hove Albion,Tottenham Hotspur,2027-02-20T15:00:00+00:00,Premier_League,False
Manchester City,Newcastle United,2027-02-20T15:00:00+00:00,Premier_League,False
Arsenal,Fulham,2027-02-20T15:00:00+00:00,Premier_League,False
West Bromwich Albion,Wolverhampton,2027-02-20T15:00:00+00:00,Championship,False
Watford,Bristol City,2027-02-20T15:00:00+00:00,Championship,False
Swansea City,Lincoln City,2027-02-20T15:00:00+00:00,Championship,False
Southampton,Wrexham,2027-02-20T15:00:00+00:00,Championship,False
Preston North End,Queens Park Rangers,2027-02-20T15:00:00+00:00,Championship,False
Middlesbrough,Birmingham City,2027-02-20T15:00:00+00:00,Championship,False
Derby County,Burnley,2027-02-20T15:00:00+00:00,Championship,False
Charlton Athletic,Cardiff City,2027-02-20T15:00:00+00:00,Championship,False
Bolton Wanderers,Norwich City,2027-02-20T15:00:00+00:00,Championship,False
Blackburn Rovers,Portsmouth,2027-02-20T15:00:00+00:00,Championship,False
Bournemouth,Crystal Palace,2027-02-20T15:00:00+00:00,Premier_League,False
Brentford,Coventry City,2027-02-20T15:00:00+00:00,Premier_League,False
Sheffield United,Stoke City,2027-02-20T15:00:00+00:00,Championship,False
Grazer AK 1902,LASK,2027-02-20T15:00:00+00:00,Austrian_Bundesliga,False
Nottingham Forest,Manchester United,2027-02-20T15:00:00+00:00,Premier_League,False
SC Austria Lustenau,FK Austria Wien,2027-02-20T15:00:00+00:00,Austrian_Bundesliga,False
SK Rapid Wien,Red Bull Salzburg,2027-02-20T15:00:00+00:00,Austrian_Bundesliga,False
SV Ried,SK Sturm Graz,2027-02-20T15:00:00+00:00,Austrian_Bundesliga,False
TSV Hartberg,WSG Tirol,2027-02-20T15:00:00+00:00,Austrian_Bundesliga,False
Wolfsberger AC,SCR Altach,2027-02-20T15:00:00+00:00,Austrian_Bundesliga,False
Sunderland,Everton,2027-02-20T15:00:00+00:00,Premier_League,False
AZ Alkmaar,Fortuna Sittard,2027-02-20T17:00:00+00:00,Eredivisie,False
SC Heerenveen,Willem II Tilburg,2027-02-20T17:00:00+00:00,Eredivisie,False
PSV Eindhoven,SC Cambuur,2027-02-20T17:00:00+00:00,Eredivisie,False
PEC Zwolle,FC Groningen,2027-02-20T17:00:00+00:00,Eredivisie,False
AFC Ajax,Go Ahead Eagles,2027-02-20T17:00:00+00:00,Eredivisie,False
Feyenoord,SC Telstar,2027-02-20T17:00:00+00:00,Eredivisie,False
FC Utrecht,ADO Den Haag,2027-02-20T17:00:00+00:00,Eredivisie,False
FC Twente,Excelsior,2027-02-20T17:00:00+00:00,Eredivisie,False
NEC Nijmegen,Sparta Rotterdam,2027-02-20T17:00:00+00:00,Eredivisie,False
Stade Rennais,Toulouse,2027-02-20T20:00:00+00:00,Ligue_1,False
RC Strasbourg,Olympique de Marseille,2027-02-20T20:00:00+00:00,Ligue_1,False
RC Lens,Troyes,2027-02-20T20:00:00+00:00,Ligue_1,False
Paris Saint-Germain,Stade Brestois,2027-02-20T20:00:00+00:00,Ligue_1,False
Nice,Auxerre,2027-02-20T20:00:00+00:00,Ligue_1,False
Le Havre,Olympique Lyonnais,2027-02-20T20:00:00+00:00,Ligue_1,False
AS Monaco,Le Mans,2027-02-20T20:00:00+00:00,Ligue_1,False
Angers,Paris FC,2027-02-20T20:00:00+00:00,Ligue_1,False
Lille,Lorient,2027-02-20T20:00:00+00:00,Ligue_1,False
West Ham United,Millwall,2027-02-21T12:00:00+00:00,Championship,False
Athletic Club,Celta Vigo,2027-02-21T19:00:00+00:00,La_Liga,False
Espanyol,Osasuna,2027-02-21T19:00:00+00:00,La_Liga,False
Atlético Madrid,Elche,2027-02-21T19:00:00+00:00,La_Liga,False
Deportivo de A Coruña,Real Sociedad,2027-02-21T19:00:00+00:00,La_Liga,False
FC Barcelona,Levante UD,2027-02-21T19:00:00+00:00,La_Liga,False
Deportivo Alavés,Real Racing Club,2027-02-21T19:00:00+00:00,La_Liga,False
Rayo Vallecano,Getafe,2027-02-21T19:00:00+00:00,La_Liga,False
Villarreal,Valencia,2027-02-21T19:00:00+00:00,La_Liga,False
Málaga CF,Real Betis,2027-02-21T19:00:00+00:00,La_Liga,False
Sevilla,Real Madrid,2027-02-21T19:00:00+00:00,La_Liga,False
Darmstadt 98,VfL Wolfsburg,2027-02-27T10:00:00+00:00,Bundesliga_2,False
Eintracht Braunschweig,1. FC Kaiserslautern,2027-02-27T10:00:00+00:00,Bundesliga_2,False
FC St. Pauli,Energie Cottbus,2027-02-27T10:00:00+00:00,Bundesliga_2,False
Hertha BSC,SG Dynamo Dresden,2027-02-27T10:00:00+00:00,Bundesliga_2,False
SC Paderborn 07,SV Werder Bremen,2027-02-27T10:00:00+00:00,Bundesliga,False
VfL Osnabrück,Holstein Kiel,2027-02-27T10:00:00+00:00,Bundesliga_2,False
1. FC Köln,Eintracht Frankfurt,2027-02-27T10:00:00+00:00,Bundesliga,False
1. FSV Mainz 05,FC Schalke 04,2027-02-27T10:00:00+00:00,Bundesliga,False
Borussia Dortmund,1. FC Union Berlin,2027-02-27T10:00:00+00:00,Bundesliga,False
FC Augsburg,SV 07 Elversberg,2027-02-27T10:00:00+00:00,Bundesliga,False
RB Leipzig,FC Bayern München,2027-02-27T10:00:00+00:00,Bundesliga,False
SC Freiburg,Bayer 04 Leverkusen,2027-02-27T10:00:00+00:00,Bundesliga,False
1. FC Nürnberg,Karlsruher SC,2027-02-27T10:00:00+00:00,Bundesliga_2,False
VfL Bochum 1848,Hannover 96,2027-02-27T10:00:00+00:00,Bundesliga_2,False
1. FC Heidenheim,Arminia Bielefeld,2027-02-27T10:00:00+00:00,Bundesliga_2,False
1. FC Magdeburg,SpVgg Greuther Fürth,2027-02-27T10:00:00+00:00,Bundesliga_2,False
VfB Stuttgart,Hamburger SV,2027-02-27T10:00:00+00:00,Bundesliga,False
TSG Hoffenheim,Borussia M'gladbach,2027-02-27T10:00:00+00:00,Bundesliga,False
Torino,Fiorentina,2027-02-27T13:00:00+00:00,Serie_A,False
Parma,Sassuolo,2027-02-27T13:00:00+00:00,Serie_A,False
Monza,Juventus,2027-02-27T13:00:00+00:00,Serie_A,False
Inter,Atalanta,2027-02-27T13:00:00+00:00,Serie_A,False
Genoa,Lazio,2027-02-27T13:00:00+00:00,Serie_A,False
Frosinone,SSC Napoli,2027-02-27T13:00:00+00:00,Serie_A,False
Como,AC Milan,2027-02-27T13:00:00+00:00,Serie_A,False
Cagliari,Udinese,2027-02-27T13:00:00+00:00,Serie_A,False
Bologna,Lecce,2027-02-27T13:00:00+00:00,Serie_A,False
AS Roma,Venezia,2027-02-27T13:00:00+00:00,Serie_A,False
WSG Tirol,Wolfsberger AC,2027-02-27T15:00:00+00:00,Austrian_Bundesliga,False
Red Bull Salzburg,Grazer AK 1902,2027-02-27T15:00:00+00:00,Austrian_Bundesliga,False
LASK,SC Austria Lustenau,2027-02-27T15:00:00+00:00,Austrian_Bundesliga,False
SK Sturm Graz,TSV Hartberg,2027-02-27T15:00:00+00:00,Austrian_Bundesliga,False
FK Austria Wien,SV Ried,2027-02-27T15:00:00+00:00,Austrian_Bundesliga,False
SCR Altach,SK Rapid Wien,2027-02-27T15:00:00+00:00,Austrian_Bundesliga,False
Fulham,Leeds United,2027-02-27T15:00:00+00:00,Premier_League,False
Bristol City,Charlton Athletic,2027-02-27T15:00:00+00:00,Championship,False
Birmingham City,West Bromwich Albion,2027-02-27T15:00:00+00:00,Championship,False
Aston Villa,Chelsea,2027-02-27T15:00:00+00:00,Premier_League,False
Tottenham Hotspur,Liverpool FC,2027-02-27T15:00:00+00:00,Premier_League,False
Coventry City,Bournemouth,2027-02-27T15:00:00+00:00,Premier_League,False
Crystal Palace,Sunderland,2027-02-27T15:00:00+00:00,Premier_League,False
Everton,Nottingham Forest,2027-02-27T15:00:00+00:00,Premier_League,False
Hull City,Manchester City,2027-02-27T15:00:00+00:00,Premier_League,False
Ipswich Town,Brighton & Hove Albion,2027-02-27T15:00:00+00:00,Premier_League,False
Manchester United,Arsenal,2027-02-27T15:00:00+00:00,Premier_League,False
Newcastle United,Brentford,2027-02-27T15:00:00+00:00,Premier_League,False
Wrexham,Derby County,2027-02-27T15:00:00+00:00,Championship,False
Wolverhampton,Middlesbrough,2027-02-27T15:00:00+00:00,Championship,False
Stoke City,Bolton Wanderers,2027-02-27T15:00:00+00:00,Championship,False
Queens Park Rangers,West Ham United,2027-02-27T15:00:00+00:00,Championship,False
Norwich City,Swansea City,2027-02-27T15:00:00+00:00,Championship,False
Millwall,Preston North End,2027-02-27T15:00:00+00:00,Championship,False
Lincoln City,Sheffield United,2027-02-27T15:00:00+00:00,Championship,False
Cardiff City,Blackburn Rovers,2027-02-27T15:00:00+00:00,Championship,False
Burnley,Watford,2027-02-27T15:00:00+00:00,Championship,False
ADO Den Haag,FC Twente,2027-02-27T17:00:00+00:00,Eredivisie,False
AFC Ajax,Feyenoord,2027-02-27T17:00:00+00:00,Eredivisie,False
SC Telstar,Go Ahead Eagles,2027-02-27T17:00:00+00:00,Eredivisie,False
Fortuna Sittard,FC Utrecht,2027-02-27T17:00:00+00:00,Eredivisie,False
NEC Nijmegen,AZ Alkmaar,2027-02-27T17:00:00+00:00,Eredivisie,False
SC Cambuur,PEC Zwolle,2027-02-27T17:00:00+00:00,Eredivisie,False
Sparta Rotterdam,PSV Eindhoven,2027-02-27T17:00:00+00:00,Eredivisie,False
Willem II Tilburg,FC Groningen,2027-02-27T17:00:00+00:00,Eredivisie,False
Excelsior,SC Heerenveen,2027-02-27T17:00:00+00:00,Eredivisie,False
Troyes,Nice,2027-02-27T20:00:00+00:00,Ligue_1,False
Stade Brestois,AS Monaco,2027-02-27T20:00:00+00:00,Ligue_1,False
RC Strasbourg,Le Havre,2027-02-27T20:00:00+00:00,Ligue_1,False
Olympique de Marseille,Stade Rennais,2027-02-27T20:00:00+00:00,Ligue_1,False
Olympique Lyonnais,Toulouse,2027-02-27T20:00:00+00:00,Ligue_1,False
Lorient,Angers,2027-02-27T20:00:00+00:00,Ligue_1,False
Le Mans,Paris FC,2027-02-27T20:00:00+00:00,Ligue_1,False
Auxerre,Lille,2027-02-27T20:00:00+00:00,Ligue_1,False
Portsmouth,Southampton,2027-02-28T12:00:00+00:00,Championship,False
Real Sociedad,Elche,2027-02-28T19:00:00+00:00,La_Liga,False
Levante UD,Deportivo de A Coruña,2027-02-28T19:00:00+00:00,La_Liga,False
Getafe,Deportivo Alavés,2027-02-28T19:00:00+00:00,La_Liga,False
Celta Vigo,Espanyol,2027-02-28T19:00:00+00:00,La_Liga,False
Athletic Club,FC Barcelona,2027-02-28T19:00:00+00:00,La_Liga,False
Real Betis,Villarreal,2027-02-28T19:00:00+00:00,La_Liga,False
Real Madrid,Valencia,2027-02-28T19:00:00+00:00,La_Liga,False
Real Racing Club,Rayo Vallecano,2027-02-28T19:00:00+00:00,La_Liga,False
Málaga CF,Atlético Madrid,2027-02-28T19:00:00+00:00,La_Liga,False
Osasuna,Sevilla,2027-02-28T19:00:00+00:00,La_Liga,False
Paris Saint-Germain,RC Lens,2027-02-28T19:45:00+00:00,Ligue_1,False
Norwich City,Millwall,2027-03-02T19:45:00+00:00,Championship,False
Middlesbrough,Blackburn Rovers,2027-03-02T19:45:00+00:00,Championship,False
Charlton Athletic,West Ham United,2027-03-02T19:45:00+00:00,Championship,False
Cardiff City,Derby County,2027-03-02T19:45:00+00:00,Championship,False
Burnley,West Bromwich Albion,2027-03-02T19:45:00+00:00,Championship,False
Bristol City,Birmingham City,2027-03-02T19:45:00+00:00,Championship,False
Bolton Wanderers,Queens Park Rangers,2027-03-02T19:45:00+00:00,Championship,False
Watford,Wrexham,2027-03-02T19:45:00+00:00,Championship,False
Borussia M'gladbach,VfB Stuttgart,2027-03-03T10:00:00+00:00,Bundesliga,False
Holstein Kiel,Eintracht Braunschweig,2027-03-03T10:00:00+00:00,Bundesliga_2,False
1. FC Union Berlin,FC Augsburg,2027-03-03T10:00:00+00:00,Bundesliga,False
Eintracht Frankfurt,Borussia Dortmund,2027-03-03T10:00:00+00:00,Bundesliga,False
Bayer 04 Leverkusen,TSG Hoffenheim,2027-03-03T10:00:00+00:00,Bundesliga,False
FC Bayern München,SC Freiburg,2027-03-03T10:00:00+00:00,Bundesliga,False
SV 07 Elversberg,RB Leipzig,2027-03-03T10:00:00+00:00,Bundesliga,False
Hamburger SV,SC Paderborn 07,2027-03-03T10:00:00+00:00,Bundesliga,False
Hannover 96,1. FC Magdeburg,2027-03-03T10:00:00+00:00,Bundesliga_2,False
SV Werder Bremen,1. FSV Mainz 05,2027-03-03T10:00:00+00:00,Bundesliga,False
1. FC Kaiserslautern,1. FC Heidenheim,2027-03-03T10:00:00+00:00,Bundesliga_2,False
Arminia Bielefeld,VfL Bochum 1848,2027-03-03T10:00:00+00:00,Bundesliga_2,False
Karlsruher SC,FC St. Pauli,2027-03-03T10:00:00+00:00,Bundesliga_2,False
SG Dynamo Dresden,VfL Osnabrück,2027-03-03T10:00:00+00:00,Bundesliga_2,False
SpVgg Greuther Fürth,Hertha BSC,2027-03-03T10:00:00+00:00,Bundesliga_2,False
VfL Wolfsburg,1. FC Nürnberg,2027-03-03T10:00:00+00:00,Bundesliga_2,False
Energie Cottbus,Darmstadt 98,2027-03-03T10:00:00+00:00,Bundesliga_2,False
FC Schalke 04,1. FC Köln,2027-03-03T10:00:00+00:00,Bundesliga,False
Portsmouth,Lincoln City,2027-03-03T19:45:00+00:00,Championship,False
Stoke City,Southampton,2027-03-03T19:45:00+00:00,Championship,False
Wolverhampton,Preston North End,2027-03-03T19:45:00+00:00,Championship,False
Sheffield United,Swansea City,2027-03-03T19:45:00+00:00,Championship,False
Brighton & Hove Albion,Fulham,2027-03-03T20:00:00+00:00,Premier_League,False
Chelsea,Coventry City,2027-03-03T20:00:00+00:00,Premier_League,False
Leeds United,Hull City,2027-03-03T20:00:00+00:00,Premier_League,False
Manchester City,Everton,2027-03-03T20:00:00+00:00,Premier_League,False
Brentford,Ipswich Town,2027-03-03T20:00:00+00:00,Premier_League,False
Bournemouth,Tottenham Hotspur,2027-03-03T20:00:00+00:00,Premier_League,False
Arsenal,Crystal Palace,2027-03-03T20:00:00+00:00,Premier_League,False
Liverpool FC,Aston Villa,2027-03-03T20:00:00+00:00,Premier_League,False
Sunderland,Manchester United,2027-03-03T20:00:00+00:00,Premier_League,False
Nottingham Forest,Newcastle United,2027-03-03T20:00:00+00:00,Premier_League,False
Borussia Dortmund,FC Bayern München,2027-03-06T10:00:00+00:00,Bundesliga,False
1. FC Heidenheim,VfL Wolfsburg,2027-03-06T10:00:00+00:00,Bundesliga_2,False
1. FC Magdeburg,SG Dynamo Dresden,2027-03-06T10:00:00+00:00,Bundesliga_2,False
1. FC Nürnberg,Energie Cottbus,2027-03-06T10:00:00+00:00,Bundesliga_2,False
Darmstadt 98,Karlsruher SC,2027-03-06T10:00:00+00:00,Bundesliga_2,False
Eintracht Braunschweig,SpVgg Greuther Fürth,2027-03-06T10:00:00+00:00,Bundesliga_2,False
FC St. Pauli,Hannover 96,2027-03-06T10:00:00+00:00,Bundesliga_2,False
Hertha BSC,Holstein Kiel,2027-03-06T10:00:00+00:00,Bundesliga_2,False
VfL Bochum 1848,1. FC Kaiserslautern,2027-03-06T10:00:00+00:00,Bundesliga_2,False
VfL Osnabrück,Arminia Bielefeld,2027-03-06T10:00:00+00:00,Bundesliga_2,False
VfB Stuttgart,Bayer 04 Leverkusen,2027-03-06T10:00:00+00:00,Bundesliga,False
SC Paderborn 07,Borussia M'gladbach,2027-03-06T10:00:00+00:00,Bundesliga,False
SC Freiburg,FC Augsburg,2027-03-06T10:00:00+00:00,Bundesliga,False
RB Leipzig,FC Schalke 04,2027-03-06T10:00:00+00:00,Bundesliga,False
Hamburger SV,Eintracht Frankfurt,2027-03-06T10:00:00+00:00,Bundesliga,False
1. FSV Mainz 05,SV 07 Elversberg,2027-03-06T10:00:00+00:00,Bundesliga,False
TSG Hoffenheim,SV Werder Bremen,2027-03-06T10:00:00+00:00,Bundesliga,False
1. FC Köln,1. FC Union Berlin,2027-03-06T10:00:00+00:00,Bundesliga,False
AC Milan,Cagliari,2027-03-06T13:00:00+00:00,Serie_A,False
Udinese,Inter,2027-03-06T13:00:00+00:00,Serie_A,False
Sassuolo,Bologna,2027-03-06T13:00:00+00:00,Serie_A,False
SSC Napoli,Parma,2027-03-06T13:00:00+00:00,Serie_A,False
Monza,Genoa,2027-03-06T13:00:00+00:00,Serie_A,False
Lecce,Como,2027-03-06T13:00:00+00:00,Serie_A,False
Lazio,Frosinone,2027-03-06T13:00:00+00:00,Serie_A,False
Juventus,AS Roma,2027-03-06T13:00:00+00:00,Serie_A,False
Fiorentina,Venezia,2027-03-06T13:00:00+00:00,Serie_A,False
Atalanta,Torino,2027-03-06T13:00:00+00:00,Serie_A,False
West Bromwich Albion,Norwich City,2027-03-06T15:00:00+00:00,Championship,False
Swansea City,Stoke City,2027-03-06T15:00:00+00:00,Championship,False
Southampton,Watford,2027-03-06T15:00:00+00:00,Championship,False
Queens Park Rangers,Portsmouth,2027-03-06T15:00:00+00:00,Championship,False
Preston North End,Bolton Wanderers,2027-03-06T15:00:00+00:00,Championship,False
Lincoln City,Middlesbrough,2027-03-06T15:00:00+00:00,Championship,False
Derby County,Charlton Athletic,2027-03-06T15:00:00+00:00,Championship,False
Blackburn Rovers,Wolverhampton,2027-03-06T15:00:00+00:00,Championship,False
West Ham United,Burnley,2027-03-06T15:00:00+00:00,Championship,False
Millwall,Bristol City,2027-03-06T15:00:00+00:00,Championship,False
Wrexham,Cardiff City,2027-03-06T15:00:00+00:00,Championship,False
Birmingham City,Sheffield United,2027-03-06T15:00:00+00:00,Championship,False
Feyenoord,SC Heerenveen,2027-03-06T17:00:00+00:00,Eredivisie,False
PEC Zwolle,Willem II Tilburg,2027-03-06T17:00:00+00:00,Eredivisie,False
PSV Eindhoven,FC Utrecht,2027-03-06T17:00:00+00:00,Eredivisie,False
Sparta Rotterdam,SC Cambuur,2027-03-06T17:00:00+00:00,Eredivisie,False
Go Ahead Eagles,Excelsior,2027-03-06T17:00:00+00:00,Eredivisie,False
Fortuna Sittard,NEC Nijmegen,2027-03-06T17:00:00+00:00,Eredivisie,False
FC Twente,AZ Alkmaar,2027-03-06T17:00:00+00:00,Eredivisie,False
FC Groningen,SC Telstar,2027-03-06T17:00:00+00:00,Eredivisie,False
ADO Den Haag,AFC Ajax,2027-03-06T17:00:00+00:00,Eredivisie,False
Le Havre,Nice,2027-03-06T20:00:00+00:00,Ligue_1,False
Lille,Olympique de Marseille,2027-03-06T20:00:00+00:00,Ligue_1,False
Paris FC,Stade Brestois,2027-03-06T20:00:00+00:00,Ligue_1,False
RC Lens,RC Strasbourg,2027-03-06T20:00:00+00:00,Ligue_1,False
Toulouse,Le Mans,2027-03-06T20:00:00+00:00,Ligue_1,False
Troyes,Lorient,2027-03-06T20:00:00+00:00,Ligue_1,False
Paris Saint-Germain,Stade Rennais,2027-03-06T20:00:00+00:00,Ligue_1,False
AS Monaco,Olympique Lyonnais,2027-03-06T20:00:00+00:00,Ligue_1,False
Angers,Auxerre,2027-03-06T20:00:00+00:00,Ligue_1,False
Atlético Madrid,Celta Vigo,2027-03-07T19:00:00+00:00,La_Liga,False
Elche,Málaga CF,2027-03-07T19:00:00+00:00,La_Liga,False
Espanyol,Real Racing Club,2027-03-07T19:00:00+00:00,La_Liga,False
FC Barcelona,Real Betis,2027-03-07T19:00:00+00:00,La_Liga,False
Sevilla,Real Sociedad,2027-03-07T19:00:00+00:00,La_Liga,False
Valencia,Levante UD,2027-03-07T19:00:00+00:00,La_Liga,False
Villarreal,Real Madrid,2027-03-07T19:00:00+00:00,La_Liga,False
Deportivo de A Coruña,Getafe,2027-03-07T19:00:00+00:00,La_Liga,False
Deportivo Alavés,Athletic Club,2027-03-07T19:00:00+00:00,La_Liga,False
Rayo Vallecano,Osasuna,2027-03-07T19:00:00+00:00,La_Liga,False
FC Schalke 04,TSG Hoffenheim,2027-03-13T10:00:00+00:00,Bundesliga,False
FC Augsburg,RB Leipzig,2027-03-13T10:00:00+00:00,Bundesliga,False
Eintracht Frankfurt,SC Paderborn 07,2027-03-13T10:00:00+00:00,Bundesliga,False
Borussia M'gladbach,Hamburger SV,2027-03-13T10:00:00+00:00,Bundesliga,False
Bayer 04 Leverkusen,1. FC Köln,2027-03-13T10:00:00+00:00,Bundesliga,False
1. FC Union Berlin,SC Freiburg,2027-03-13T10:00:00+00:00,Bundesliga,False
SV 07 Elversberg,Borussia Dortmund,2027-03-13T10:00:00+00:00,Bundesliga,False
SV Werder Bremen,VfB Stuttgart,2027-03-13T10:00:00+00:00,Bundesliga,False
FC Bayern München,1. FSV Mainz 05,2027-03-13T10:00:00+00:00,Bundesliga,False
FC St. Pauli,Darmstadt 98,2027-03-13T10:00:00+00:00,Bundesliga_2,False
1. FC Kaiserslautern,1. FC Nürnberg,2027-03-13T10:00:00+00:00,Bundesliga_2,False
Energie Cottbus,1. FC Heidenheim,2027-03-13T10:00:00+00:00,Bundesliga_2,False
Hannover 96,Eintracht Braunschweig,2027-03-13T10:00:00+00:00,Bundesliga_2,False
Karlsruher SC,1. FC Magdeburg,2027-03-13T10:00:00+00:00,Bundesliga_2,False
SG Dynamo Dresden,Holstein Kiel,2027-03-13T10:00:00+00:00,Bundesliga_2,False
SpVgg Greuther Fürth,VfL Osnabrück,2027-03-13T10:00:00+00:00,Bundesliga_2,False
VfL Wolfsburg,VfL Bochum 1848,2027-03-13T10:00:00+00:00,Bundesliga_2,False
Arminia Bielefeld,Hertha BSC,2027-03-13T10:00:00+00:00,Bundesliga_2,False
Frosinone,Monza,2027-03-13T13:00:00+00:00,Serie_A,False
Genoa,AS Roma,2027-03-13T13:00:00+00:00,Serie_A,False
Parma,Lecce,2027-03-13T13:00:00+00:00,Serie_A,False
AC Milan,Sassuolo,2027-03-13T13:00:00+00:00,Serie_A,False
Bologna,SSC Napoli,2027-03-13T13:00:00+00:00,Serie_A,False
Cagliari,Fiorentina,2027-03-13T13:00:00+00:00,Serie_A,False
Como,Udinese,2027-03-13T13:00:00+00:00,Serie_A,False
Torino,Inter,2027-03-13T13:00:00+00:00,Serie_A,False
Venezia,Atalanta,2027-03-13T13:00:00+00:00,Serie_A,False
Lazio,Juventus,2027-03-13T13:00:00+00:00,Serie_A,False
Stoke City,West Ham United,2027-03-13T15:00:00+00:00,Championship,False
Tottenham Hotspur,Nottingham Forest,2027-03-13T15:00:00+00:00,Premier_League,False
Leeds United,Brighton & Hove Albion,2027-03-13T15:00:00+00:00,Premier_League,False
Bolton Wanderers,Birmingham City,2027-03-13T15:00:00+00:00,Championship,False
Sunderland,Brentford,2027-03-13T15:00:00+00:00,Premier_League,False
Manchester United,Everton,2027-03-13T15:00:00+00:00,Premier_League,False
Liverpool FC,Ipswich Town,2027-03-13T15:00:00+00:00,Premier_League,False
Watford,Derby County,2027-03-13T15:00:00+00:00,Championship,False
Crystal Palace,Fulham,2027-03-13T15:00:00+00:00,Premier_League,False
Coventry City,Manchester City,2027-03-13T15:00:00+00:00,Premier_League,False
Chelsea,Arsenal,2027-03-13T15:00:00+00:00,Premier_League,False
Bournemouth,Newcastle United,2027-03-13T15:00:00+00:00,Premier_League,False
Aston Villa,Hull City,2027-03-13T15:00:00+00:00,Premier_League,False
Wolverhampton,Lincoln City,2027-03-13T15:00:00+00:00,Championship,False
Portsmouth,Wrexham,2027-03-13T15:00:00+00:00,Championship,False
Sheffield United,Queens Park Rangers,2027-03-13T15:00:00+00:00,Championship,False
Middlesbrough,Southampton,2027-03-13T15:00:00+00:00,Championship,False
Charlton Athletic,Blackburn Rovers,2027-03-13T15:00:00+00:00,Championship,False
Cardiff City,Swansea City,2027-03-13T15:00:00+00:00,Championship,False
Burnley,Millwall,2027-03-13T15:00:00+00:00,Championship,False
Bristol City,West Bromwich Albion,2027-03-13T15:00:00+00:00,Championship,False
Norwich City,Preston North End,2027-03-13T15:00:00+00:00,Championship,False
Go Ahead Eagles,Feyenoord,2027-03-13T17:00:00+00:00,Eredivisie,False
FC Utrecht,FC Groningen,2027-03-13T17:00:00+00:00,Eredivisie,False
Excelsior,NEC Nijmegen,2027-03-13T17:00:00+00:00,Eredivisie,False
SC Cambuur,ADO Den Haag,2027-03-13T17:00:00+00:00,Eredivisie,False
SC Heerenveen,Fortuna Sittard,2027-03-13T17:00:00+00:00,Eredivisie,False
AZ Alkmaar,Sparta Rotterdam,2027-03-13T17:00:00+00:00,Eredivisie,False
SC Telstar,PSV Eindhoven,2027-03-13T17:00:00+00:00,Eredivisie,False
Willem II Tilburg,FC Twente,2027-03-13T17:00:00+00:00,Eredivisie,False
AFC Ajax,PEC Zwolle,2027-03-13T17:00:00+00:00,Eredivisie,False
Le Havre,RC Lens,2027-03-13T20:00:00+00:00,Ligue_1,False
Stade Brestois,Lille,2027-03-13T20:00:00+00:00,Ligue_1,False
RC Strasbourg,Angers,2027-03-13T20:00:00+00:00,Ligue_1,False
Paris FC,Lorient,2027-03-13T20:00:00+00:00,Ligue_1,False
Olympique de Marseille,AS Monaco,2027-03-13T20:00:00+00:00,Ligue_1,False
Olympique Lyonnais,Troyes,2027-03-13T20:00:00+00:00,Ligue_1,False
Nice,Toulouse,2027-03-13T20:00:00+00:00,Ligue_1,False
Le Mans,Stade Rennais,2027-03-13T20:00:00+00:00,Ligue_1,False
Auxerre,Paris Saint-Germain,2027-03-13T20:00:00+00:00,Ligue_1,False
Osasuna,Celta Vigo,2027-03-14T19:00:00+00:00,La_Liga,False
Real Betis,Levante UD,2027-03-14T19:00:00+00:00,La_Liga,False
Real Racing Club,Atlético Madrid,2027-03-14T19:00:00+00:00,La_Liga,False
Athletic Club,Valencia,2027-03-14T19:00:00+00:00,La_Liga,False
Real Madrid,Espanyol,2027-03-14T19:00:00+00:00,La_Liga,False
Málaga CF,Rayo Vallecano,2027-03-14T19:00:00+00:00,La_Liga,False
Getafe,Real Sociedad,2027-03-14T19:00:00+00:00,La_Liga,False
FC Barcelona,Deportivo de A Coruña,2027-03-14T19:00:00+00:00,La_Liga,False
Deportivo Alavés,Sevilla,2027-03-14T19:00:00+00:00,La_Liga,False
Elche,Villarreal,2027-03-14T19:00:00+00:00,La_Liga,False
Queens Park Rangers,Stoke City,2027-03-16T19:45:00+00:00,Championship,False
Southampton,Wolverhampton,2027-03-16T19:45:00+00:00,Championship,False
Swansea City,Bristol City,2027-03-16T19:45:00+00:00,Championship,False
West Bromwich Albion,Portsmouth,2027-03-16T19:45:00+00:00,Championship,False
Derby County,Middlesbrough,2027-03-16T19:45:00+00:00,Championship,False
Lincoln City,Cardiff City,2027-03-16T19:45:00+00:00,Championship,False
Preston North End,Burnley,2027-03-16T19:45:00+00:00,Championship,False
Wrexham,Norwich City,2027-03-16T19:45:00+00:00,Championship,False
Blackburn Rovers,Bolton Wanderers,2027-03-17T19:45:00+00:00,Championship,False
West Ham United,Sheffield United,2027-03-17T19:45:00+00:00,Championship,False
Millwall,Watford,2027-03-17T19:45:00+00:00,Championship,False
Birmingham City,Charlton Athletic,2027-03-17T20:00:00+00:00,Championship,False
Hertha BSC,1. FC Kaiserslautern,2027-03-20T10:00:00+00:00,Bundesliga_2,False
VfL Bochum 1848,Energie Cottbus,2027-03-20T10:00:00+00:00,Bundesliga_2,False
VfL Osnabrück,VfL Wolfsburg,2027-03-20T10:00:00+00:00,Bundesliga_2,False
Holstein Kiel,SpVgg Greuther Fürth,2027-03-20T10:00:00+00:00,Bundesliga_2,False
SG Dynamo Dresden,Hannover 96,2027-03-20T10:00:00+00:00,Bundesliga_2,False
Eintracht Braunschweig,Arminia Bielefeld,2027-03-20T10:00:00+00:00,Bundesliga_2,False
Hamburger SV,SV Werder Bremen,2027-03-20T10:00:00+00:00,Bundesliga,False
1. FC Magdeburg,Darmstadt 98,2027-03-20T10:00:00+00:00,Bundesliga_2,False
1. FC Heidenheim,Karlsruher SC,2027-03-20T10:00:00+00:00,Bundesliga_2,False
Borussia Dortmund,Borussia M'gladbach,2027-03-20T10:00:00+00:00,Bundesliga,False
VfB Stuttgart,FC Schalke 04,2027-03-20T10:00:00+00:00,Bundesliga,False
TSG Hoffenheim,Eintracht Frankfurt,2027-03-20T10:00:00+00:00,Bundesliga,False
SC Paderborn 07,Bayer 04 Leverkusen,2027-03-20T10:00:00+00:00,Bundesliga,False
SC Freiburg,SV 07 Elversberg,2027-03-20T10:00:00+00:00,Bundesliga,False
RB Leipzig,1. FC Union Berlin,2027-03-20T10:00:00+00:00,Bundesliga,False
1. FC Köln,FC Bayern München,2027-03-20T10:00:00+00:00,Bundesliga,False
1. FSV Mainz 05,FC Augsburg,2027-03-20T10:00:00+00:00,Bundesliga,False
1. FC Nürnberg,FC St. Pauli,2027-03-20T10:00:00+00:00,Bundesliga_2,False
Udinese,Torino,2027-03-20T13:00:00+00:00,Serie_A,False
Monza,Bologna,2027-03-20T13:00:00+00:00,Serie_A,False
SSC Napoli,Venezia,2027-03-20T13:00:00+00:00,Serie_A,False
Parma,Lazio,2027-03-20T13:00:00+00:00,Serie_A,False
Juventus,Como,2027-03-20T13:00:00+00:00,Serie_A,False
Sassuolo,Cagliari,2027-03-20T13:00:00+00:00,Serie_A,False
Fiorentina,Genoa,2027-03-20T13:00:00+00:00,Serie_A,False
Atalanta,AC Milan,2027-03-20T13:00:00+00:00,Serie_A,False
AS Roma,Lecce,2027-03-20T13:00:00+00:00,Serie_A,False
Inter,Frosinone,2027-03-20T13:00:00+00:00,Serie_A,False
Brighton & Hove Albion,Coventry City,2027-03-20T15:00:00+00:00,Premier_League,False
Brentford,Bournemouth,2027-03-20T15:00:00+00:00,Premier_League,False
Arsenal,Sunderland,2027-03-20T15:00:00+00:00,Premier_League,False
West Bromwich Albion,Lincoln City,2027-03-20T15:00:00+00:00,Championship,False
Wrexham,Stoke City,2027-03-20T15:00:00+00:00,Championship,False
Birmingham City,Blackburn Rovers,2027-03-20T15:00:00+00:00,Championship,False
Bristol City,Queens Park Rangers,2027-03-20T15:00:00+00:00,Championship,False
Burnley,Bolton Wanderers,2027-03-20T15:00:00+00:00,Championship,False
Derby County,Preston North End,2027-03-20T15:00:00+00:00,Championship,False
Middlesbrough,Sheffield United,2027-03-20T15:00:00+00:00,Championship,False
Millwall,Cardiff City,2027-03-20T15:00:00+00:00,Championship,False
Norwich City,West Ham United,2027-03-20T15:00:00+00:00,Championship,False
Southampton,Charlton Athletic,2027-03-20T15:00:00+00:00,Championship,False
Everton,Tottenham Hotspur,2027-03-20T15:00:00+00:00,Premier_League,False
Fulham,Liverpool FC,2027-03-20T15:00:00+00:00,Premier_League,False
Swansea City,Wolverhampton,2027-03-20T15:00:00+00:00,Championship,False
Ipswich Town,Crystal Palace,2027-03-20T15:00:00+00:00,Premier_League,False
Manchester City,Manchester United,2027-03-20T15:00:00+00:00,Premier_League,False
Newcastle United,Leeds United,2027-03-20T15:00:00+00:00,Premier_League,False
Nottingham Forest,Aston Villa,2027-03-20T15:00:00+00:00,Premier_League,False
Watford,Portsmouth,2027-03-20T15:00:00+00:00,Championship,False
Hull City,Chelsea,2027-03-20T15:00:00+00:00,Premier_League,False
PEC Zwolle,SC Heerenveen,2027-03-20T17:00:00+00:00,Eredivisie,False
NEC Nijmegen,AFC Ajax,2027-03-20T17:00:00+00:00,Eredivisie,False
Feyenoord,SC Cambuur,2027-03-20T17:00:00+00:00,Eredivisie,False
FC Utrecht,Sparta Rotterdam,2027-03-20T17:00:00+00:00,Eredivisie,False
FC Twente,Go Ahead Eagles,2027-03-20T17:00:00+00:00,Eredivisie,False
FC Groningen,PSV Eindhoven,2027-03-20T17:00:00+00:00,Eredivisie,False
AZ Alkmaar,Excelsior,2027-03-20T17:00:00+00:00,Eredivisie,False
SC Telstar,Fortuna Sittard,2027-03-20T17:00:00+00:00,Eredivisie,False
ADO Den Haag,Willem II Tilburg,2027-03-20T17:00:00+00:00,Eredivisie,False
Lorient,Nice,2027-03-20T20:00:00+00:00,Ligue_1,False
AS Monaco,Le Havre,2027-03-20T20:00:00+00:00,Ligue_1,False
RC Lens,Lille,2027-03-20T20:00:00+00:00,Ligue_1,False
Stade Rennais,Paris FC,2027-03-20T20:00:00+00:00,Ligue_1,False
Toulouse,Stade Brestois,2027-03-20T20:00:00+00:00,Ligue_1,False
Troyes,Auxerre,2027-03-20T20:00:00+00:00,Ligue_1,False
Angers,Le Mans,2027-03-20T20:00:00+00:00,Ligue_1,False
Paris Saint-Germain,RC Strasbourg,2027-03-20T20:00:00+00:00,Ligue_1,False
Levante UD,Osasuna,2027-03-21T19:00:00+00:00,La_Liga,False
Espanyol,Athletic Club,2027-03-21T19:00:00+00:00,La_Liga,False
Villarreal,Málaga CF,2027-03-21T19:00:00+00:00,La_Liga,False
Valencia,Deportivo de A Coruña,2027-03-21T19:00:00+00:00,La_Liga,False
Sevilla,Elche,2027-03-21T19:00:00+00:00,La_Liga,False
Real Sociedad,Deportivo Alavés,2027-03-21T19:00:00+00:00,La_Liga,False
Real Racing Club,Real Betis,2027-03-21T19:00:00+00:00,La_Liga,False
Rayo Vallecano,FC Barcelona,2027-03-21T19:00:00+00:00,La_Liga,False
Celta Vigo,Real Madrid,2027-03-21T19:00:00+00:00,La_Liga,False
Atlético Madrid,Getafe,2027-03-21T19:00:00+00:00,La_Liga,False
Olympique de Marseille,Olympique Lyonnais,2027-03-21T19:45:00+00:00,Ligue_1,False
Borussia M'gladbach,SV Werder Bremen,2027-04-03T10:00:00+00:00,Bundesliga,False
Bayer 04 Leverkusen,Borussia Dortmund,2027-04-03T10:00:00+00:00,Bundesliga,False
RB Leipzig,SC Freiburg,2027-04-03T10:00:00+00:00,Bundesliga,False
FC Augsburg,TSG Hoffenheim,2027-04-03T10:00:00+00:00,Bundesliga,False
SV 07 Elversberg,1. FC Köln,2027-04-03T10:00:00+00:00,Bundesliga,False
FC Bayern München,Hamburger SV,2027-04-03T10:00:00+00:00,Bundesliga,False
Eintracht Frankfurt,VfB Stuttgart,2027-04-03T10:00:00+00:00,Bundesliga,False
1. FC Union Berlin,1. FSV Mainz 05,2027-04-03T10:00:00+00:00,Bundesliga,False
FC Schalke 04,SC Paderborn 07,2027-04-03T10:00:00+00:00,Bundesliga,False
FC St. Pauli,1. FC Magdeburg,2027-04-03T10:00:00+00:00,Bundesliga_2,False
Karlsruher SC,VfL Bochum 1848,2027-04-03T10:00:00+00:00,Bundesliga_2,False
SpVgg Greuther Fürth,SG Dynamo Dresden,2027-04-03T10:00:00+00:00,Bundesliga_2,False
VfL Wolfsburg,Hertha BSC,2027-04-03T10:00:00+00:00,Bundesliga_2,False
1. FC Kaiserslautern,VfL Osnabrück,2027-04-03T10:00:00+00:00,Bundesliga_2,False
Arminia Bielefeld,Holstein Kiel,2027-04-03T10:00:00+00:00,Bundesliga_2,False
Darmstadt 98,1. FC Nürnberg,2027-04-03T10:00:00+00:00,Bundesliga_2,False
Energie Cottbus,Eintracht Braunschweig,2027-04-03T10:00:00+00:00,Bundesliga_2,False
Hannover 96,1. FC Heidenheim,2027-04-03T10:00:00+00:00,Bundesliga_2,False
Charlton Athletic,Millwall,2027-04-03T11:30:00+00:00,Championship,False
Cagliari,SSC Napoli,2027-04-03T13:00:00+00:00,Serie_A,False
AS Roma,Bologna,2027-04-03T13:00:00+00:00,Serie_A,False
AC Milan,Monza,2027-04-03T13:00:00+00:00,Serie_A,False
Genoa,Inter,2027-04-03T13:00:00+00:00,Serie_A,False
Lecce,Lazio,2027-04-03T13:00:00+00:00,Serie_A,False
Sassuolo,Atalanta,2027-04-03T13:00:00+00:00,Serie_A,False
Como,Fiorentina,2027-04-03T13:00:00+00:00,Serie_A,False
Frosinone,Udinese,2027-04-03T13:00:00+00:00,Serie_A,False
Venezia,Parma,2027-04-03T13:00:00+00:00,Serie_A,False
Torino,Juventus,2027-04-03T13:00:00+00:00,Serie_A,False
Blackburn Rovers,Southampton,2027-04-03T14:00:00+00:00,Championship,False
Bolton Wanderers,Watford,2027-04-03T14:00:00+00:00,Championship,False
Cardiff City,Bristol City,2027-04-03T14:00:00+00:00,Championship,False
Lincoln City,Derby County,2027-04-03T14:00:00+00:00,Championship,False
Portsmouth,Middlesbrough,2027-04-03T14:00:00+00:00,Championship,False
Preston North End,Swansea City,2027-04-03T14:00:00+00:00,Championship,False
Queens Park Rangers,Wrexham,2027-04-03T14:00:00+00:00,Championship,False
Sheffield United,West Bromwich Albion,2027-04-03T14:00:00+00:00,Championship,False
Stoke City,Burnley,2027-04-03T14:00:00+00:00,Championship,False
West Ham United,Birmingham City,2027-04-03T14:00:00+00:00,Championship,False
Wolverhampton,Norwich City,2027-04-03T14:00:00+00:00,Championship,False
AFC Ajax,FC Twente,2027-04-03T17:00:00+00:00,Eredivisie,False
Excelsior,PEC Zwolle,2027-04-03T17:00:00+00:00,Eredivisie,False
SC Heerenveen,FC Groningen,2027-04-03T17:00:00+00:00,Eredivisie,False
PSV Eindhoven,AZ Alkmaar,2027-04-03T17:00:00+00:00,Eredivisie,False
SC Cambuur,SC Telstar,2027-04-03T17:00:00+00:00,Eredivisie,False
Sparta Rotterdam,ADO Den Haag,2027-04-03T17:00:00+00:00,Eredivisie,False
Willem II Tilburg,FC Utrecht,2027-04-03T17:00:00+00:00,Eredivisie,False
Fortuna Sittard,Feyenoord,2027-04-03T17:00:00+00:00,Eredivisie,False
Go Ahead Eagles,NEC Nijmegen,2027-04-03T17:00:00+00:00,Eredivisie,False
Stade Brestois,Lorient,2027-04-03T19:00:00+00:00,Ligue_1,False
RC Strasbourg,Toulouse,2027-04-03T19:00:00+00:00,Ligue_1,False
Paris FC,Paris Saint-Germain,2027-04-03T19:00:00+00:00,Ligue_1,False
Nice,Olympique Lyonnais,2027-04-03T19:00:00+00:00,Ligue_1,False
Lille,Stade Rennais,2027-04-03T19:00:00+00:00,Ligue_1,False
Le Mans,Olympique de Marseille,2027-04-03T19:00:00+00:00,Ligue_1,False
Auxerre,RC Lens,2027-04-03T19:00:00+00:00,Ligue_1,False
Le Havre,Troyes,2027-04-03T19:00:00+00:00,Ligue_1,False
Angers,AS Monaco,2027-04-03T19:00:00+00:00,Ligue_1,False
Deportivo de A Coruña,Villarreal,2027-04-04T19:00:00+00:00,La_Liga,False
Elche,Deportivo Alavés,2027-04-04T19:00:00+00:00,La_Liga,False
FC Barcelona,Sevilla,2027-04-04T19:00:00+00:00,La_Liga,False
Getafe,Espanyol,2027-04-04T19:00:00+00:00,La_Liga,False
Levante UD,Rayo Vallecano,2027-04-04T19:00:00+00:00,La_Liga,False
Málaga CF,Osasuna,2027-04-04T19:00:00+00:00,La_Liga,False
Athletic Club,Real Racing Club,2027-04-04T19:00:00+00:00,La_Liga,False
Real Betis,Celta Vigo,2027-04-04T19:00:00+00:00,La_Liga,False
Real Madrid,Atlético Madrid,2027-04-04T19:00:00+00:00,La_Liga,False
Real Sociedad,Valencia,2027-04-04T19:00:00+00:00,La_Liga,False
Swansea City,Southampton,2027-04-06T18:45:00+00:00,Championship,False
Burnley,Wrexham,2027-04-06T18:45:00+00:00,Championship,False
West Ham United,Bolton Wanderers,2027-04-06T18:45:00+00:00,Championship,False
Stoke City,Cardiff City,2027-04-06T18:45:00+00:00,Championship,False
Lincoln City,Bristol City,2027-04-06T18:45:00+00:00,Championship,False
Portsmouth,Wolverhampton,2027-04-06T18:45:00+00:00,Championship,False
Millwall,Middlesbrough,2027-04-06T18:45:00+00:00,Championship,False
Queens Park Rangers,Charlton Athletic,2027-04-06T18:45:00+00:00,Championship,False
Preston North End,Watford,2027-04-07T18:45:00+00:00,Championship,False
Sheffield United,Blackburn Rovers,2027-04-07T18:45:00+00:00,Championship,False
West Bromwich Albion,Derby County,2027-04-07T18:45:00+00:00,Championship,False
Birmingham City,Norwich City,2027-04-07T19:00:00+00:00,Championship,False
SV Werder Bremen,Eintracht Frankfurt,2027-04-10T10:00:00+00:00,Bundesliga,False
TSG Hoffenheim,SC Freiburg,2027-04-10T10:00:00+00:00,Bundesliga,False
VfB Stuttgart,SV 07 Elversberg,2027-04-10T10:00:00+00:00,Bundesliga,False
SG Dynamo Dresden,1. FC Kaiserslautern,2027-04-10T10:00:00+00:00,Bundesliga_2,False
1. FC Heidenheim,Darmstadt 98,2027-04-10T10:00:00+00:00,Bundesliga_2,False
1. FC Magdeburg,Arminia Bielefeld,2027-04-10T10:00:00+00:00,Bundesliga_2,False
Hertha BSC,Energie Cottbus,2027-04-10T10:00:00+00:00,Bundesliga_2,False
Holstein Kiel,VfL Wolfsburg,2027-04-10T10:00:00+00:00,Bundesliga_2,False
SpVgg Greuther Fürth,Hannover 96,2027-04-10T10:00:00+00:00,Bundesliga_2,False
Eintracht Braunschweig,1. FC Nürnberg,2027-04-10T10:00:00+00:00,Bundesliga_2,False
VfL Osnabrück,Karlsruher SC,2027-04-10T10:00:00+00:00,Bundesliga_2,False
VfL Bochum 1848,FC St. Pauli,2027-04-10T10:00:00+00:00,Bundesliga_2,False
SC Paderborn 07,FC Bayern München,2027-04-10T10:00:00+00:00,Bundesliga,False
Hamburger SV,1. FC Union Berlin,2027-04-10T10:00:00+00:00,Bundesliga,False
Borussia M'gladbach,Bayer 04 Leverkusen,2027-04-10T10:00:00+00:00,Bundesliga,False
Borussia Dortmund,FC Schalke 04,2027-04-10T10:00:00+00:00,Bundesliga,False
1. FSV Mainz 05,RB Leipzig,2027-04-10T10:00:00+00:00,Bundesliga,False
1. FC Köln,FC Augsburg,2027-04-10T10:00:00+00:00,Bundesliga,False
Juventus,Lecce,2027-04-10T13:00:00+00:00,Serie_A,False
Udinese,Monza,2027-04-10T13:00:00+00:00,Serie_A,False
SSC Napoli,Sassuolo,2027-04-10T13:00:00+00:00,Serie_A,False
Parma,Como,2027-04-10T13:00:00+00:00,Serie_A,False
Lazio,Torino,2027-04-10T13:00:00+00:00,Serie_A,False
Inter,AS Roma,2027-04-10T13:00:00+00:00,Serie_A,False
Bologna,Venezia,2027-04-10T13:00:00+00:00,Serie_A,False
Fiorentina,AC Milan,2027-04-10T13:00:00+00:00,Serie_A,False
Cagliari,Atalanta,2027-04-10T13:00:00+00:00,Serie_A,False
Frosinone,Genoa,2027-04-10T13:00:00+00:00,Serie_A,False
Derby County,West Ham United,2027-04-10T14:00:00+00:00,Championship,False
Cardiff City,Portsmouth,2027-04-10T14:00:00+00:00,Championship,False
Bristol City,Burnley,2027-04-10T14:00:00+00:00,Championship,False
Bournemouth,Manchester City,2027-04-10T14:00:00+00:00,Premier_League,False
Aston Villa,Brighton & Hove Albion,2027-04-10T14:00:00+00:00,Premier_League,False
Wolverhampton,Birmingham City,2027-04-10T14:00:00+00:00,Championship,False
Southampton,Lincoln City,2027-04-10T14:00:00+00:00,Championship,False
Wrexham,Swansea City,2027-04-10T14:00:00+00:00,Championship,False
Norwich City,Sheffield United,2027-04-10T14:00:00+00:00,Championship,False
Middlesbrough,Queens Park Rangers,2027-04-10T14:00:00+00:00,Championship,False
Bolton Wanderers,Millwall,2027-04-10T14:00:00+00:00,Championship,False
Blackburn Rovers,Preston North End,2027-04-10T14:00:00+00:00,Championship,False
Watford,West Bromwich Albion,2027-04-10T14:00:00+00:00,Championship,False
Charlton Athletic,Stoke City,2027-04-10T14:00:00+00:00,Championship,False
Crystal Palace,Everton,2027-04-10T14:00:00+00:00,Premier_League,False
Sunderland,Ipswich Town,2027-04-10T14:00:00+00:00,Premier_League,False
Tottenham Hotspur,Brentford,2027-04-10T14:00:00+00:00,Premier_League,False
Chelsea,Fulham,2027-04-10T14:00:00+00:00,Premier_League,False
Manchester United,Hull City,2027-04-10T14:00:00+00:00,Premier_League,False
Leeds United,Nottingham Forest,2027-04-10T14:00:00+00:00,Premier_League,False
Coventry City,Arsenal,2027-04-10T14:00:00+00:00,Premier_League,False
Liverpool FC,Newcastle United,2027-04-10T14:00:00+00:00,Premier_League,False
Willem II Tilburg,AZ Alkmaar,2027-04-10T17:00:00+00:00,Eredivisie,False
SC Telstar,FC Twente,2027-04-10T17:00:00+00:00,Eredivisie,False
SC Cambuur,Fortuna Sittard,2027-04-10T17:00:00+00:00,Eredivisie,False
PEC Zwolle,PSV Eindhoven,2027-04-10T17:00:00+00:00,Eredivisie,False
NEC Nijmegen,SC Heerenveen,2027-04-10T17:00:00+00:00,Eredivisie,False
Sparta Rotterdam,Go Ahead Eagles,2027-04-10T17:00:00+00:00,Eredivisie,False
FC Utrecht,AFC Ajax,2027-04-10T17:00:00+00:00,Eredivisie,False
FC Groningen,Excelsior,2027-04-10T17:00:00+00:00,Eredivisie,False
ADO Den Haag,Feyenoord,2027-04-10T17:00:00+00:00,Eredivisie,False
Olympique de Marseille,Stade Brestois,2027-04-10T19:00:00+00:00,Ligue_1,False
Le Mans,Auxerre,2027-04-10T19:00:00+00:00,Ligue_1,False
Lille,Toulouse,2027-04-10T19:00:00+00:00,Ligue_1,False
Lorient,RC Lens,2027-04-10T19:00:00+00:00,Ligue_1,False
Troyes,Angers,2027-04-10T19:00:00+00:00,Ligue_1,False
Nice,Paris FC,2027-04-10T19:00:00+00:00,Ligue_1,False
Paris Saint-Germain,Le Havre,2027-04-10T19:00:00+00:00,Ligue_1,False
Olympique Lyonnais,RC Strasbourg,2027-04-10T19:00:00+00:00,Ligue_1,False
AS Monaco,Stade Rennais,2027-04-10T19:00:00+00:00,Ligue_1,False
Sevilla,Deportivo de A Coruña,2027-04-11T19:00:00+00:00,La_Liga,False
Espanyol,Málaga CF,2027-04-11T19:00:00+00:00,La_Liga,False
Deportivo Alavés,Real Betis,2027-04-11T19:00:00+00:00,La_Liga,False
Osasuna,Real Madrid,2027-04-11T19:00:00+00:00,La_Liga,False
Celta Vigo,Elche,2027-04-11T19:00:00+00:00,La_Liga,False
Real Racing Club,FC Barcelona,2027-04-11T19:00:00+00:00,La_Liga,False
Atlético Madrid,Levante UD,2027-04-11T19:00:00+00:00,La_Liga,False
Valencia,Getafe,2027-04-11T19:00:00+00:00,La_Liga,False
Villarreal,Athletic Club,2027-04-11T19:00:00+00:00,La_Liga,False
Rayo Vallecano,Real Sociedad,2027-04-11T19:00:00+00:00,La_Liga,False
VfL Wolfsburg,Eintracht Braunschweig,2027-04-17T10:00:00+00:00,Bundesliga_2,False
Karlsruher SC,Hertha BSC,2027-04-17T10:00:00+00:00,Bundesliga_2,False
Hannover 96,VfL Osnabrück,2027-04-17T10:00:00+00:00,Bundesliga_2,False
FC St. Pauli,SG Dynamo Dresden,2027-04-17T10:00:00+00:00,Bundesliga_2,False
Energie Cottbus,1. FC Magdeburg,2027-04-17T10:00:00+00:00,Bundesliga_2,False
Darmstadt 98,VfL Bochum 1848,2027-04-17T10:00:00+00:00,Bundesliga_2,False
Arminia Bielefeld,SpVgg Greuther Fürth,2027-04-17T10:00:00+00:00,Bundesliga_2,False
1. FC Nürnberg,1. FC Heidenheim,2027-04-17T10:00:00+00:00,Bundesliga_2,False
SC Freiburg,1. FSV Mainz 05,2027-04-17T10:00:00+00:00,Bundesliga,False
RB Leipzig,1. FC Köln,2027-04-17T10:00:00+00:00,Bundesliga,False
FC Schalke 04,Hamburger SV,2027-04-17T10:00:00+00:00,Bundesliga,False
FC Bayern München,TSG Hoffenheim,2027-04-17T10:00:00+00:00,Bundesliga,False
FC Augsburg,Borussia Dortmund,2027-04-17T10:00:00+00:00,Bundesliga,False
Eintracht Frankfurt,Borussia M'gladbach,2027-04-17T10:00:00+00:00,Bundesliga,False
Bayer 04 Leverkusen,SV Werder Bremen,2027-04-17T10:00:00+00:00,Bundesliga,False
1. FC Union Berlin,VfB Stuttgart,2027-04-17T10:00:00+00:00,Bundesliga,False
1. FC Kaiserslautern,Holstein Kiel,2027-04-17T10:00:00+00:00,Bundesliga_2,False
SV 07 Elversberg,SC Paderborn 07,2027-04-17T10:00:00+00:00,Bundesliga,False
Venezia,Juventus,2027-04-17T13:00:00+00:00,Serie_A,False
Torino,Genoa,2027-04-17T13:00:00+00:00,Serie_A,False
Fiorentina,Parma,2027-04-17T13:00:00+00:00,Serie_A,False
Como,Frosinone,2027-04-17T13:00:00+00:00,Serie_A,False
Bologna,Cagliari,2027-04-17T13:00:00+00:00,Serie_A,False
Atalanta,Udinese,2027-04-17T13:00:00+00:00,Serie_A,False
AC Milan,SSC Napoli,2027-04-17T13:00:00+00:00,Serie_A,False
Monza,Inter,2027-04-17T13:00:00+00:00,Serie_A,False
AS Roma,Lazio,2027-04-17T13:00:00+00:00,Serie_A,False
Sassuolo,Lecce,2027-04-17T13:00:00+00:00,Serie_A,False
Birmingham City,Wrexham,2027-04-17T14:00:00+00:00,Championship,False
Manchester City,Crystal Palace,2027-04-17T14:00:00+00:00,Premier_League,False
Queens Park Rangers,Blackburn Rovers,2027-04-17T14:00:00+00:00,Championship,False
Preston North End,Charlton Athletic,2027-04-17T14:00:00+00:00,Championship,False
Portsmouth,Bristol City,2027-04-17T14:00:00+00:00,Championship,False
Millwall,Southampton,2027-04-17T14:00:00+00:00,Championship,False
Lincoln City,Bolton Wanderers,2027-04-17T14:00:00+00:00,Championship,False
Burnley,Norwich City,2027-04-17T14:00:00+00:00,Championship,False
Swansea City,Derby County,2027-04-17T14:00:00+00:00,Championship,False
West Bromwich Albion,Middlesbrough,2027-04-17T14:00:00+00:00,Championship,False
West Ham United,Watford,2027-04-17T14:00:00+00:00,Championship,False
Arsenal,Aston Villa,2027-04-17T14:00:00+00:00,Premier_League,False
Brentford,Leeds United,2027-04-17T14:00:00+00:00,Premier_League,False
Brighton & Hove Albion,Chelsea,2027-04-17T14:00:00+00:00,Premier_League,False
Sheffield United,Cardiff City,2027-04-17T14:00:00+00:00,Championship,False
Everton,Bournemouth,2027-04-17T14:00:00+00:00,Premier_League,False
Hull City,Coventry City,2027-04-17T14:00:00+00:00,Premier_League,False
Ipswich Town,Manchester United,2027-04-17T14:00:00+00:00,Premier_League,False
Newcastle United,Tottenham Hotspur,2027-04-17T14:00:00+00:00,Premier_League,False
Nottingham Forest,Liverpool FC,2027-04-17T14:00:00+00:00,Premier_League,False
Fulham,Sunderland,2027-04-17T14:00:00+00:00,Premier_League,False
Stoke City,Wolverhampton,2027-04-17T14:00:00+00:00,Championship,False
Toulouse,Paris FC,2027-04-17T19:00:00+00:00,Ligue_1,False
Stade Rennais,Troyes,2027-04-17T19:00:00+00:00,Ligue_1,False
Stade Brestois,Le Mans,2027-04-17T19:00:00+00:00,Ligue_1,False
RC Lens,Nice,2027-04-17T19:00:00+00:00,Ligue_1,False
Paris Saint-Germain,Lille,2027-04-17T19:00:00+00:00,Ligue_1,False
Le Havre,Olympique de Marseille,2027-04-17T19:00:00+00:00,Ligue_1,False
Auxerre,Lorient,2027-04-17T19:00:00+00:00,Ligue_1,False
AS Monaco,RC Strasbourg,2027-04-17T19:00:00+00:00,Ligue_1,False
Angers,Olympique Lyonnais,2027-04-17T19:00:00+00:00,Ligue_1,False
Deportivo Alavés,Rayo Vallecano,2027-04-18T19:00:00+00:00,La_Liga,False
Getafe,Real Madrid,2027-04-18T19:00:00+00:00,La_Liga,False
Levante UD,Villarreal,2027-04-18T19:00:00+00:00,La_Liga,False
Málaga CF,Valencia,2027-04-18T19:00:00+00:00,La_Liga,False
Real Betis,Athletic Club,2027-04-18T19:00:00+00:00,La_Liga,False
Real Sociedad,Real Racing Club,2027-04-18T19:00:00+00:00,La_Liga,False
Atlético Madrid,Sevilla,2027-04-18T19:00:00+00:00,La_Liga,False
FC Barcelona,Espanyol,2027-04-18T19:00:00+00:00,La_Liga,False
Deportivo de A Coruña,Celta Vigo,2027-04-18T19:00:00+00:00,La_Liga,False
Elche,Osasuna,2027-04-18T19:00:00+00:00,La_Liga,False
Bolton Wanderers,Sheffield United,2027-04-20T18:45:00+00:00,Championship,False
Charlton Athletic,West Bromwich Albion,2027-04-20T18:45:00+00:00,Championship,False
Derby County,Portsmouth,2027-04-20T18:45:00+00:00,Championship,False
Middlesbrough,Burnley,2027-04-20T18:45:00+00:00,Championship,False
Norwich City,Stoke City,2027-04-20T18:45:00+00:00,Championship,False
Southampton,Birmingham City,2027-04-20T18:45:00+00:00,Championship,False
Wolverhampton,West Ham United,2027-04-20T18:45:00+00:00,Championship,False
Wrexham,Millwall,2027-04-20T18:45:00+00:00,Championship,False
Blackburn Rovers,Lincoln City,2027-04-21T18:45:00+00:00,Championship,False
Bristol City,Preston North End,2027-04-21T18:45:00+00:00,Championship,False
Cardiff City,Queens Park Rangers,2027-04-21T18:45:00+00:00,Championship,False
Watford,Swansea City,2027-04-21T18:45:00+00:00,Championship,False
Athletic Club,Deportivo de A Coruña,2027-04-21T19:00:00+00:00,La_Liga,False
Celta Vigo,FC Barcelona,2027-04-21T19:00:00+00:00,La_Liga,False
Espanyol,Real Sociedad,2027-04-21T19:00:00+00:00,La_Liga,False
Getafe,Real Betis,2027-04-21T19:00:00+00:00,La_Liga,False
Villarreal,Atlético Madrid,2027-04-21T19:00:00+00:00,La_Liga,False
Real Madrid,Elche,2027-04-21T19:00:00+00:00,La_Liga,False
Valencia,Rayo Vallecano,2027-04-21T19:00:00+00:00,La_Liga,False
Sevilla,Levante UD,2027-04-21T19:00:00+00:00,La_Liga,False
Osasuna,Deportivo Alavés,2027-04-21T19:00:00+00:00,La_Liga,False
Real Racing Club,Málaga CF,2027-04-21T19:00:00+00:00,La_Liga,False
1. FC Magdeburg,VfL Wolfsburg,2027-04-24T10:00:00+00:00,Bundesliga_2,False
1. FC Heidenheim,FC St. Pauli,2027-04-24T10:00:00+00:00,Bundesliga_2,False
VfL Bochum 1848,1. FC Nürnberg,2027-04-24T10:00:00+00:00,Bundesliga_2,False
Eintracht Braunschweig,Darmstadt 98,2027-04-24T10:00:00+00:00,Bundesliga_2,False
Hertha BSC,Hannover 96,2027-04-24T10:00:00+00:00,Bundesliga_2,False
Holstein Kiel,Karlsruher SC,2027-04-24T10:00:00+00:00,Bundesliga_2,False
SG Dynamo Dresden,Arminia Bielefeld,2027-04-24T10:00:00+00:00,Bundesliga_2,False
SpVgg Greuther Fürth,1. FC Kaiserslautern,2027-04-24T10:00:00+00:00,Bundesliga_2,False
VfL Osnabrück,Energie Cottbus,2027-04-24T10:00:00+00:00,Bundesliga_2,False
VfB Stuttgart,SC Freiburg,2027-04-24T10:00:00+00:00,Bundesliga,False
1. FC Köln,1. FSV Mainz 05,2027-04-24T10:00:00+00:00,Bundesliga,False
Borussia Dortmund,RB Leipzig,2027-04-24T10:00:00+00:00,Bundesliga,False
Borussia M'gladbach,FC Schalke 04,2027-04-24T10:00:00+00:00,Bundesliga,False
Eintracht Frankfurt,Bayer 04 Leverkusen,2027-04-24T10:00:00+00:00,Bundesliga,False
Hamburger SV,SV 07 Elversberg,2027-04-24T10:00:00+00:00,Bundesliga,False
SC Paderborn 07,FC Augsburg,2027-04-24T10:00:00+00:00,Bundesliga,False
SV Werder Bremen,FC Bayern München,2027-04-24T10:00:00+00:00,Bundesliga,False
TSG Hoffenheim,1. FC Union Berlin,2027-04-24T10:00:00+00:00,Bundesliga,False
Inter,Bologna,2027-04-24T13:00:00+00:00,Serie_A,False
Genoa,Sassuolo,2027-04-24T13:00:00+00:00,Serie_A,False
Frosinone,AS Roma,2027-04-24T13:00:00+00:00,Serie_A,False
Cagliari,Monza,2027-04-24T13:00:00+00:00,Serie_A,False
Juventus,Fiorentina,2027-04-24T13:00:00+00:00,Serie_A,False
Lazio,Como,2027-04-24T13:00:00+00:00,Serie_A,False
Parma,Atalanta,2027-04-24T13:00:00+00:00,Serie_A,False
SSC Napoli,Udinese,2027-04-24T13:00:00+00:00,Serie_A,False
Venezia,Torino,2027-04-24T13:00:00+00:00,Serie_A,False
Lecce,AC Milan,2027-04-24T13:00:00+00:00,Serie_A,False
Bristol City,Derby County,2027-04-24T14:00:00+00:00,Championship,False
Burnley,Southampton,2027-04-24T14:00:00+00:00,Championship,False
Cardiff City,West Bromwich Albion,2027-04-24T14:00:00+00:00,Championship,False
Middlesbrough,West Ham United,2027-04-24T14:00:00+00:00,Championship,False
Norwich City,Blackburn Rovers,2027-04-24T14:00:00+00:00,Championship,False
Bolton Wanderers,Swansea City,2027-04-24T14:00:00+00:00,Championship,False
Charlton Athletic,Wrexham,2027-04-24T14:00:00+00:00,Championship,False
Nottingham Forest,Sunderland,2027-04-24T14:00:00+00:00,Premier_League,False
Aston Villa,Coventry City,2027-04-24T14:00:00+00:00,Premier_League,False
Portsmouth,Preston North End,2027-04-24T14:00:00+00:00,Championship,False
Sheffield United,Millwall,2027-04-24T14:00:00+00:00,Championship,False
Stoke City,Lincoln City,2027-04-24T14:00:00+00:00,Championship,False
Watford,Birmingham City,2027-04-24T14:00:00+00:00,Championship,False
Wolverhampton,Queens Park Rangers,2027-04-24T14:00:00+00:00,Championship,False
Tottenham Hotspur,Hull City,2027-04-24T14:00:00+00:00,Premier_League,False
Bournemouth,Arsenal,2027-04-24T14:00:00+00:00,Premier_League,False
Chelsea,Manchester City,2027-04-24T14:00:00+00:00,Premier_League,False
Everton,Brighton & Hove Albion,2027-04-24T14:00:00+00:00,Premier_League,False
Leeds United,Liverpool FC,2027-04-24T14:00:00+00:00,Premier_League,False
Manchester United,Crystal Palace,2027-04-24T14:00:00+00:00,Premier_League,False
Newcastle United,Ipswich Town,2027-04-24T14:00:00+00:00,Premier_League,False
Brentford,Fulham,2027-04-24T14:00:00+00:00,Premier_League,False
Excelsior,Willem II Tilburg,2027-04-24T17:00:00+00:00,Eredivisie,False
Fortuna Sittard,FC Groningen,2027-04-24T17:00:00+00:00,Eredivisie,False
AZ Alkmaar,SC Cambuur,2027-04-24T17:00:00+00:00,Eredivisie,False
Feyenoord,Sparta Rotterdam,2027-04-24T17:00:00+00:00,Eredivisie,False
Go Ahead Eagles,FC Utrecht,2027-04-24T17:00:00+00:00,Eredivisie,False
PEC Zwolle,SC Telstar,2027-04-24T17:00:00+00:00,Eredivisie,False
PSV Eindhoven,AFC Ajax,2027-04-24T17:00:00+00:00,Eredivisie,False
SC Heerenveen,ADO Den Haag,2027-04-24T17:00:00+00:00,Eredivisie,False
FC Twente,NEC Nijmegen,2027-04-24T17:00:00+00:00,Eredivisie,False
Lille,AS Monaco,2027-04-24T19:00:00+00:00,Ligue_1,False
Le Mans,Le Havre,2027-04-24T19:00:00+00:00,Ligue_1,False
Nice,Angers,2027-04-24T19:00:00+00:00,Ligue_1,False
Olympique de Marseille,Auxerre,2027-04-24T19:00:00+00:00,Ligue_1,False
Paris FC,RC Lens,2027-04-24T19:00:00+00:00,Ligue_1,False
RC Strasbourg,Stade Rennais,2027-04-24T19:00:00+00:00,Ligue_1,False
Troyes,Toulouse,2027-04-24T19:00:00+00:00,Ligue_1,False
Lorient,Paris Saint-Germain,2027-04-24T19:00:00+00:00,Ligue_1,False
Olympique Lyonnais,Stade Brestois,2027-04-24T19:00:00+00:00,Ligue_1,False
Queens Park Rangers,Norwich City,2027-05-01T11:30:00+00:00,Championship,False
Southampton,Sheffield United,2027-05-01T11:30:00+00:00,Championship,False
Swansea City,Middlesbrough,2027-05-01T11:30:00+00:00,Championship,False
West Bromwich Albion,Bolton Wanderers,2027-05-01T11:30:00+00:00,Championship,False
West Ham United,Portsmouth,2027-05-01T11:30:00+00:00,Championship,False
Wrexham,Bristol City,2027-05-01T11:30:00+00:00,Championship,False
Millwall,Stoke City,2027-05-01T11:30:00+00:00,Championship,False
Lincoln City,Charlton Athletic,2027-05-01T11:30:00+00:00,Championship,False
Preston North End,Cardiff City,2027-05-01T11:30:00+00:00,Championship,False
Birmingham City,Burnley,2027-05-01T11:30:00+00:00,Championship,False
Blackburn Rovers,Watford,2027-05-01T11:30:00+00:00,Championship,False
Derby County,Wolverhampton,2027-05-01T11:30:00+00:00,Championship,False
Bologna,Fiorentina,2027-05-01T13:00:00+00:00,Serie_A,False
Atalanta,Juventus,2027-05-01T13:00:00+00:00,Serie_A,False
AS Roma,SSC Napoli,2027-05-01T13:00:00+00:00,Serie_A,False
AC Milan,Lazio,2027-05-01T13:00:00+00:00,Serie_A,False
Sassuolo,Frosinone,2027-05-01T13:00:00+00:00,Serie_A,False
Como,Inter,2027-05-01T13:00:00+00:00,Serie_A,False
Torino,Parma,2027-05-01T13:00:00+00:00,Serie_A,False
Udinese,Genoa,2027-05-01T13:00:00+00:00,Serie_A,False
Monza,Venezia,2027-05-01T13:00:00+00:00,Serie_A,False
Lecce,Cagliari,2027-05-01T13:00:00+00:00,Serie_A,False
Coventry City,Manchester United,2027-05-01T14:00:00+00:00,Premier_League,False
Brighton & Hove Albion,Nottingham Forest,2027-05-01T14:00:00+00:00,Premier_League,False
Crystal Palace,Aston Villa,2027-05-01T14:00:00+00:00,Premier_League,False
Fulham,Everton,2027-05-01T14:00:00+00:00,Premier_League,False
Hull City,Bournemouth,2027-05-01T14:00:00+00:00,Premier_League,False
Ipswich Town,Leeds United,2027-05-01T14:00:00+00:00,Premier_League,False
Liverpool FC,Chelsea,2027-05-01T14:00:00+00:00,Premier_League,False
Manchester City,Brentford,2027-05-01T14:00:00+00:00,Premier_League,False
Sunderland,Newcastle United,2027-05-01T14:00:00+00:00,Premier_League,False
Arsenal,Tottenham Hotspur,2027-05-01T14:00:00+00:00,Premier_League,False
NEC Nijmegen,PEC Zwolle,2027-05-01T17:00:00+00:00,Eredivisie,False
Go Ahead Eagles,PSV Eindhoven,2027-05-01T17:00:00+00:00,Eredivisie,False
FC Groningen,ADO Den Haag,2027-05-01T17:00:00+00:00,Eredivisie,False
Excelsior,SC Cambuur,2027-05-01T17:00:00+00:00,Eredivisie,False
SC Heerenveen,FC Utrecht,2027-05-01T17:00:00+00:00,Eredivisie,False
Sparta Rotterdam,FC Twente,2027-05-01T17:00:00+00:00,Eredivisie,False
SC Telstar,AZ Alkmaar,2027-05-01T17:00:00+00:00,Eredivisie,False
Feyenoord,Willem II Tilburg,2027-05-01T17:00:00+00:00,Eredivisie,False
AFC Ajax,Fortuna Sittard,2027-05-01T17:00:00+00:00,Eredivisie,False
RC Strasbourg,Lille,2027-05-01T19:00:00+00:00,Ligue_1,False
RC Lens,Le Mans,2027-05-01T19:00:00+00:00,Ligue_1,False
Paris Saint-Germain,Angers,2027-05-01T19:00:00+00:00,Ligue_1,False
Le Havre,Paris FC,2027-05-01T19:00:00+00:00,Ligue_1,False
Troyes,Stade Brestois,2027-05-01T19:00:00+00:00,Ligue_1,False
Auxerre,Olympique Lyonnais,2027-05-01T19:00:00+00:00,Ligue_1,False
AS Monaco,Lorient,2027-05-01T19:00:00+00:00,Ligue_1,False
Stade Rennais,Nice,2027-05-01T19:00:00+00:00,Ligue_1,False
Toulouse,Olympique de Marseille,2027-05-01T19:00:00+00:00,Ligue_1,False
Deportivo de A Coruña,Real Racing Club,2027-05-02T19:00:00+00:00,La_Liga,False
Atlético Madrid,Deportivo Alavés,2027-05-02T19:00:00+00:00,La_Liga,False
Málaga CF,Getafe,2027-05-02T19:00:00+00:00,La_Liga,False
Rayo Vallecano,Villarreal,2027-05-02T19:00:00+00:00,La_Liga,False
Real Sociedad,Athletic Club,2027-05-02T19:00:00+00:00,La_Liga,False
Levante UD,Real Madrid,2027-05-02T19:00:00+00:00,La_Liga,False
FC Barcelona,Osasuna,2027-05-02T19:00:00+00:00,La_Liga,False
Celta Vigo,Sevilla,2027-05-02T19:00:00+00:00,La_Liga,False
Elche,Espanyol,2027-05-02T19:00:00+00:00,La_Liga,False
Real Betis,Valencia,2027-05-02T19:00:00+00:00,La_Liga,False
Darmstadt 98,Hertha BSC,2027-05-08T10:00:00+00:00,Bundesliga_2,False
SV 07 Elversberg,TSG Hoffenheim,2027-05-08T10:00:00+00:00,Bundesliga,False
SC Freiburg,1. FC Köln,2027-05-08T10:00:00+00:00,Bundesliga,False
1. FC Kaiserslautern,Arminia Bielefeld,2027-05-08T10:00:00+00:00,Bundesliga_2,False
1. FC Nürnberg,1. FC Magdeburg,2027-05-08T10:00:00+00:00,Bundesliga_2,False
1. FC Heidenheim,VfL Bochum 1848,2027-05-08T10:00:00+00:00,Bundesliga_2,False
Energie Cottbus,SG Dynamo Dresden,2027-05-08T10:00:00+00:00,Bundesliga_2,False
RB Leipzig,SC Paderborn 07,2027-05-08T10:00:00+00:00,Bundesliga,False
Hannover 96,Holstein Kiel,2027-05-08T10:00:00+00:00,Bundesliga_2,False
Karlsruher SC,Eintracht Braunschweig,2027-05-08T10:00:00+00:00,Bundesliga_2,False
VfL Wolfsburg,SpVgg Greuther Fürth,2027-05-08T10:00:00+00:00,Bundesliga_2,False
1. FC Union Berlin,SV Werder Bremen,2027-05-08T10:00:00+00:00,Bundesliga,False
1. FSV Mainz 05,Borussia Dortmund,2027-05-08T10:00:00+00:00,Bundesliga,False
FC Schalke 04,Eintracht Frankfurt,2027-05-08T10:00:00+00:00,Bundesliga,False
Bayer 04 Leverkusen,Hamburger SV,2027-05-08T10:00:00+00:00,Bundesliga,False
FC Bayern München,Borussia M'gladbach,2027-05-08T10:00:00+00:00,Bundesliga,False
FC Augsburg,VfB Stuttgart,2027-05-08T10:00:00+00:00,Bundesliga,False
FC St. Pauli,VfL Osnabrück,2027-05-08T10:00:00+00:00,Bundesliga_2,False
Fiorentina,AS Roma,2027-05-08T13:00:00+00:00,Serie_A,False
Frosinone,Atalanta,2027-05-08T13:00:00+00:00,Serie_A,False
Inter,Lecce,2027-05-08T13:00:00+00:00,Serie_A,False
Genoa,Cagliari,2027-05-08T13:00:00+00:00,Serie_A,False
Parma,AC Milan,2027-05-08T13:00:00+00:00,Serie_A,False
SSC Napoli,Monza,2027-05-08T13:00:00+00:00,Serie_A,False
Torino,Bologna,2027-05-08T13:00:00+00:00,Serie_A,False
Udinese,Juventus,2027-05-08T13:00:00+00:00,Serie_A,False
Venezia,Como,2027-05-08T13:00:00+00:00,Serie_A,False
Lazio,Sassuolo,2027-05-08T13:00:00+00:00,Serie_A,False
Bournemouth,Manchester United,2027-05-08T14:00:00+00:00,Premier_League,False
Brentford,Aston Villa,2027-05-08T14:00:00+00:00,Premier_League,False
Brighton & Hove Albion,Sunderland,2027-05-08T14:00:00+00:00,Premier_League,False
Everton,Hull City,2027-05-08T14:00:00+00:00,Premier_League,False
Nottingham Forest,Crystal Palace,2027-05-08T14:00:00+00:00,Premier_League,False
Fulham,Ipswich Town,2027-05-08T14:00:00+00:00,Premier_League,False
Leeds United,Arsenal,2027-05-08T14:00:00+00:00,Premier_League,False
Manchester City,Liverpool FC,2027-05-08T14:00:00+00:00,Premier_League,False
Newcastle United,Coventry City,2027-05-08T14:00:00+00:00,Premier_League,False
Tottenham Hotspur,Chelsea,2027-05-08T14:00:00+00:00,Premier_League,False
FC Twente,FC Groningen,2027-05-08T17:00:00+00:00,Eredivisie,False
ADO Den Haag,NEC Nijmegen,2027-05-08T17:00:00+00:00,Eredivisie,False
PSV Eindhoven,Excelsior,2027-05-08T17:00:00+00:00,Eredivisie,False
PEC Zwolle,Sparta Rotterdam,2027-05-08T17:00:00+00:00,Eredivisie,False
Fortuna Sittard,Go Ahead Eagles,2027-05-08T17:00:00+00:00,Eredivisie,False
FC Utrecht,Feyenoord,2027-05-08T17:00:00+00:00,Eredivisie,False
AZ Alkmaar,AFC Ajax,2027-05-08T17:00:00+00:00,Eredivisie,False
SC Cambuur,SC Heerenveen,2027-05-08T17:00:00+00:00,Eredivisie,False
Willem II Tilburg,SC Telstar,2027-05-08T17:00:00+00:00,Eredivisie,False
Lorient,RC Strasbourg,2027-05-08T19:00:00+00:00,Ligue_1,False
Nice,Olympique de Marseille,2027-05-08T19:00:00+00:00,Ligue_1,False
Paris FC,Lille,2027-05-08T19:00:00+00:00,Ligue_1,False
RC Lens,AS Monaco,2027-05-08T19:00:00+00:00,Ligue_1,False
Angers,Toulouse,2027-05-08T19:00:00+00:00,Ligue_1,False
Stade Brestois,Auxerre,2027-05-08T19:00:00+00:00,Ligue_1,False
Stade Rennais,Le Havre,2027-05-08T19:00:00+00:00,Ligue_1,False
Le Mans,Troyes,2027-05-08T19:00:00+00:00,Ligue_1,False
Olympique Lyonnais,Paris Saint-Germain,2027-05-09T18:45:00+00:00,Ligue_1,False
Athletic Club,Málaga CF,2027-05-09T19:00:00+00:00,La_Liga,False
Real Betis,Espanyol,2027-05-09T19:00:00+00:00,La_Liga,False
Getafe,Elche,2027-05-09T19:00:00+00:00,La_Liga,False
Deportivo Alavés,Levante UD,2027-05-09T19:00:00+00:00,La_Liga,False
Osasuna,Real Sociedad,2027-05-09T19:00:00+00:00,La_Liga,False
Real Madrid,FC Barcelona,2027-05-09T19:00:00+00:00,La_Liga,False
Real Racing Club,Sevilla,2027-05-09T19:00:00+00:00,La_Liga,False
Valencia,Atlético Madrid,2027-05-09T19:00:00+00:00,La_Liga,False
Villarreal,Celta Vigo,2027-05-09T19:00:00+00:00,La_Liga,False
Rayo Vallecano,Deportivo de A Coruña,2027-05-09T19:00:00+00:00,La_Liga,False
Borussia Dortmund,1. FC Köln,2027-05-15T10:00:00+00:00,Bundesliga,False
Bayer 04 Leverkusen,FC Bayern München,2027-05-15T10:00:00+00:00,Bundesliga,False
Eintracht Frankfurt,SV 07 Elversberg,2027-05-15T10:00:00+00:00,Bundesliga,False
Hamburger SV,SC Freiburg,2027-05-15T10:00:00+00:00,Bundesliga,False
SC Paderborn 07,1. FC Union Berlin,2027-05-15T10:00:00+00:00,Bundesliga,False
SV Werder Bremen,FC Schalke 04,2027-05-15T10:00:00+00:00,Bundesliga,False
Borussia M'gladbach,FC Augsburg,2027-05-15T10:00:00+00:00,Bundesliga,False
VfB Stuttgart,RB Leipzig,2027-05-15T10:00:00+00:00,Bundesliga,False
TSG Hoffenheim,1. FSV Mainz 05,2027-05-15T10:00:00+00:00,Bundesliga,False
VfL Osnabrück,1. FC Nürnberg,2027-05-15T10:00:00+00:00,Bundesliga_2,False
SpVgg Greuther Fürth,Darmstadt 98,2027-05-15T10:00:00+00:00,Bundesliga_2,False
SG Dynamo Dresden,Karlsruher SC,2027-05-15T10:00:00+00:00,Bundesliga_2,False
Holstein Kiel,Energie Cottbus,2027-05-15T10:00:00+00:00,Bundesliga_2,False
Hertha BSC,FC St. Pauli,2027-05-15T10:00:00+00:00,Bundesliga_2,False
Eintracht Braunschweig,1. FC Heidenheim,2027-05-15T10:00:00+00:00,Bundesliga_2,False
Arminia Bielefeld,VfL Wolfsburg,2027-05-15T10:00:00+00:00,Bundesliga_2,False
1. FC Magdeburg,VfL Bochum 1848,2027-05-15T10:00:00+00:00,Bundesliga_2,False
1. FC Kaiserslautern,Hannover 96,2027-05-15T10:00:00+00:00,Bundesliga_2,False
Lazio,Udinese,2027-05-15T13:00:00+00:00,Serie_A,False
Lecce,Fiorentina,2027-05-15T13:00:00+00:00,Serie_A,False
Monza,Parma,2027-05-15T13:00:00+00:00,Serie_A,False
SSC Napoli,Genoa,2027-05-15T13:00:00+00:00,Serie_A,False
Como,Atalanta,2027-05-15T13:00:00+00:00,Serie_A,False
Juventus,Inter,2027-05-15T13:00:00+00:00,Serie_A,False
Bologna,Frosinone,2027-05-15T13:00:00+00:00,Serie_A,False
AC Milan,AS Roma,2027-05-15T13:00:00+00:00,Serie_A,False
Cagliari,Torino,2027-05-15T13:00:00+00:00,Serie_A,False
Sassuolo,Venezia,2027-05-15T13:00:00+00:00,Serie_A,False
Aston Villa,Newcastle United,2027-05-15T14:00:00+00:00,Premier_League,False
Chelsea,Everton,2027-05-15T14:00:00+00:00,Premier_League,False
Coventry City,Tottenham Hotspur,2027-05-15T14:00:00+00:00,Premier_League,False
Crystal Palace,Brighton & Hove Albion,2027-05-15T14:00:00+00:00,Premier_League,False
Hull City,Fulham,2027-05-15T14:00:00+00:00,Premier_League,False
Ipswich Town,Manchester City,2027-05-15T14:00:00+00:00,Premier_League,False
Liverpool FC,Brentford,2027-05-15T14:00:00+00:00,Premier_League,False
Manchester United,Leeds United,2027-05-15T14:00:00+00:00,Premier_League,False
Sunderland,Bournemouth,2027-05-15T14:00:00+00:00,Premier_League,False
Arsenal,Nottingham Forest,2027-05-15T14:00:00+00:00,Premier_League,False
PSV Eindhoven,NEC Nijmegen,2027-05-16T12:30:00+00:00,Eredivisie,False
Go Ahead Eagles,SC Heerenveen,2027-05-16T12:30:00+00:00,Eredivisie,False
Fortuna Sittard,Willem II Tilburg,2027-05-16T12:30:00+00:00,Eredivisie,False
FC Utrecht,SC Telstar,2027-05-16T12:30:00+00:00,Eredivisie,False
FC Groningen,SC Cambuur,2027-05-16T12:30:00+00:00,Eredivisie,False
Excelsior,ADO Den Haag,2027-05-16T12:30:00+00:00,Eredivisie,False
AZ Alkmaar,PEC Zwolle,2027-05-16T12:30:00+00:00,Eredivisie,False
AFC Ajax,Sparta Rotterdam,2027-05-16T12:30:00+00:00,Eredivisie,False
FC Twente,Feyenoord,2027-05-16T12:30:00+00:00,Eredivisie,False
Elche,Athletic Club,2027-05-16T19:00:00+00:00,La_Liga,False
Espanyol,Valencia,2027-05-16T19:00:00+00:00,La_Liga,False
Deportivo de A Coruña,Deportivo Alavés,2027-05-16T19:00:00+00:00,La_Liga,False
Málaga CF,Celta Vigo,2027-05-16T19:00:00+00:00,La_Liga,False
Osasuna,Real Betis,2027-05-16T19:00:00+00:00,La_Liga,False
Real Madrid,Real Racing Club,2027-05-16T19:00:00+00:00,La_Liga,False
Real Sociedad,FC Barcelona,2027-05-16T19:00:00+00:00,La_Liga,False
Sevilla,Villarreal,2027-05-16T19:00:00+00:00,La_Liga,False
Atlético Madrid,Rayo Vallecano,2027-05-16T19:00:00+00:00,La_Liga,False
Levante UD,Getafe,2027-05-16T19:00:00+00:00,La_Liga,False
Olympique de Marseille,RC Lens,2027-05-16T19:00:00+00:00,Ligue_1,False
Lille,Angers,2027-05-16T19:00:00+00:00,Ligue_1,False
RC Strasbourg,Troyes,2027-05-16T19:00:00+00:00,Ligue_1,False
Paris Saint-Germain,Nice,2027-05-16T19:00:00+00:00,Ligue_1,False
Olympique Lyonnais,Le Mans,2027-05-16T19:00:00+00:00,Ligue_1,False
Auxerre,Stade Rennais,2027-05-16T19:00:00+00:00,Ligue_1,False
AS Monaco,Paris FC,2027-05-16T19:00:00+00:00,Ligue_1,False
Stade Brestois,Le Havre,2027-05-16T19:00:00+00:00,Ligue_1,False
Toulouse,Lorient,2027-05-16T19:00:00+00:00,Ligue_1,False
Genoa,Bologna,2027-05-22T13:00:00+00:00,Serie_A,False
Atalanta,Lecce,2027-05-22T13:00:00+00:00,Serie_A,False
AS Roma,Como,2027-05-22T13:00:00+00:00,Serie_A,False
Inter,Lazio,2027-05-22T13:00:00+00:00,Serie_A,False
Parma,Juventus,2027-05-22T13:00:00+00:00,Serie_A,False
Torino,SSC Napoli,2027-05-22T13:00:00+00:00,Serie_A,False
Udinese,Sassuolo,2027-05-22T13:00:00+00:00,Serie_A,False
Venezia,AC Milan,2027-05-22T13:00:00+00:00,Serie_A,False
Frosinone,Cagliari,2027-05-22T13:00:00+00:00,Serie_A,False
Fiorentina,Monza,2027-05-22T13:00:00+00:00,Serie_A,False
FC Augsburg,Hamburger SV,2027-05-22T13:30:00+00:00,Bundesliga,False
FC Bayern München,Eintracht Frankfurt,2027-05-22T13:30:00+00:00,Bundesliga,False
1. FSV Mainz 05,VfB Stuttgart,2027-05-22T13:30:00+00:00,Bundesliga,False
1. FC Union Berlin,Borussia M'gladbach,2027-05-22T13:30:00+00:00,Bundesliga,False
1. FC Köln,SC Paderborn 07,2027-05-22T13:30:00+00:00,Bundesliga,False
FC Schalke 04,Bayer 04 Leverkusen,2027-05-22T13:30:00+00:00,Bundesliga,False
RB Leipzig,TSG Hoffenheim,2027-05-22T13:30:00+00:00,Bundesliga,False
SC Freiburg,Borussia Dortmund,2027-05-22T13:30:00+00:00,Bundesliga,False
SV 07 Elversberg,SV Werder Bremen,2027-05-22T13:30:00+00:00,Bundesliga,False
Paris FC,Olympique de Marseille,2027-05-22T19:00:00+00:00,Ligue_1,False
Nice,AS Monaco,2027-05-22T19:00:00+00:00,Ligue_1,False
Troyes,Paris Saint-Germain,2027-05-22T19:00:00+00:00,Ligue_1,False
Toulouse,Auxerre,2027-05-22T19:00:00+00:00,Ligue_1,False
Lorient,Olympique Lyonnais,2027-05-22T19:00:00+00:00,Ligue_1,False
Le Mans,RC Strasbourg,2027-05-22T19:00:00+00:00,Ligue_1,False
Le Havre,Lille,2027-05-22T19:00:00+00:00,Ligue_1,False
Angers,Stade Brestois,2027-05-22T19:00:00+00:00,Ligue_1,False
RC Lens,Stade Rennais,2027-05-22T19:00:00+00:00,Ligue_1,False
ADO Den Haag,AZ Alkmaar,2027-05-23T12:30:00+00:00,Eredivisie,False
Willem II Tilburg,Go Ahead Eagles,2027-05-23T12:30:00+00:00,Eredivisie,False
Sparta Rotterdam,Fortuna Sittard,2027-05-23T12:30:00+00:00,Eredivisie,False
SC Cambuur,AFC Ajax,2027-05-23T12:30:00+00:00,Eredivisie,False
SC Heerenveen,PSV Eindhoven,2027-05-23T12:30:00+00:00,Eredivisie,False
Feyenoord,FC Groningen,2027-05-23T12:30:00+00:00,Eredivisie,False
NEC Nijmegen,FC Utrecht,2027-05-23T12:30:00+00:00,Eredivisie,False
PEC Zwolle,FC Twente,2027-05-23T12:30:00+00:00,Eredivisie,False
SC Telstar,Excelsior,2027-05-23T12:30:00+00:00,Eredivisie,False
Hannover 96,Arminia Bielefeld,2027-05-23T13:30:00+00:00,Bundesliga_2,False
1. FC Heidenheim,1. FC Magdeburg,2027-05-23T13:30:00+00:00,Bundesliga_2,False
1. FC Nürnberg,Hertha BSC,2027-05-23T13:30:00+00:00,Bundesliga_2,False
Energie Cottbus,1. FC Kaiserslautern,2027-05-23T13:30:00+00:00,Bundesliga_2,False
FC St. Pauli,Eintracht Braunschweig,2027-05-23T13:30:00+00:00,Bundesliga_2,False
VfL Bochum 1848,Holstein Kiel,2027-05-23T13:30:00+00:00,Bundesliga_2,False
Karlsruher SC,SpVgg Greuther Fürth,2027-05-23T13:30:00+00:00,Bundesliga_2,False
Darmstadt 98,VfL Osnabrück,2027-05-23T13:30:00+00:00,Bundesliga_2,False
VfL Wolfsburg,SG Dynamo Dresden,2027-05-23T13:30:00+00:00,Bundesliga_2,False
Manchester City,Aston Villa,2027-05-23T14:00:00+00:00,Premier_League,False
Nottingham Forest,Ipswich Town,2027-05-23T14:00:00+00:00,Premier_League,False
Newcastle United,Crystal Palace,2027-05-23T14:00:00+00:00,Premier_League,False
Fulham,Coventry City,2027-05-23T14:00:00+00:00,Premier_League,False
Everton,Arsenal,2027-05-23T14:00:00+00:00,Premier_League,False
Leeds United,Sunderland,2027-05-23T14:00:00+00:00,Premier_League,False
Bournemouth,Chelsea,2027-05-23T14:00:00+00:00,Premier_League,False
Tottenham Hotspur,Manchester United,2027-05-23T14:00:00+00:00,Premier_League,False
Brentford,Hull City,2027-05-23T14:00:00+00:00,Premier_League,False
Brighton & Hove Albion,Liverpool FC,2027-05-23T14:00:00+00:00,Premier_League,False
Atlético Madrid,Athletic Club,2027-05-23T19:00:00+00:00,La_Liga,False
Celta Vigo,Real Sociedad,2027-05-23T19:00:00+00:00,La_Liga,False
Deportivo de A Coruña,Espanyol,2027-05-23T19:00:00+00:00,La_Liga,False
FC Barcelona,Málaga CF,2027-05-23T19:00:00+00:00,La_Liga,False
Rayo Vallecano,Real Betis,2027-05-23T19:00:00+00:00,La_Liga,False
Real Racing Club,Levante UD,2027-05-23T19:00:00+00:00,La_Liga,False
Sevilla,Getafe,2027-05-23T19:00:00+00:00,La_Liga,False
Valencia,Elche,2027-05-23T19:00:00+00:00,La_Liga,False
Villarreal,Osasuna,2027-05-23T19:00:00+00:00,La_Liga,False
Deportivo Alavés,Real Madrid,2027-05-23T19:00:00+00:00,La_Liga,False
Sassuolo,Inter,2027-05-29T13:00:00+00:00,Serie_A,False
AC Milan,Udinese,2027-05-29T13:00:00+00:00,Serie_A,False
Monza,Torino,2027-05-29T13:00:00+00:00,Serie_A,False
Bologna,Parma,2027-05-29T13:00:00+00:00,Serie_A,False
Cagliari,AS Roma,2027-05-29T13:00:00+00:00,Serie_A,False
Como,Genoa,2027-05-29T13:00:00+00:00,Serie_A,False
Juventus,Frosinone,2027-05-29T13:00:00+00:00,Serie_A,False
Lazio,Fiorentina,2027-05-29T13:00:00+00:00,Serie_A,False
Lecce,Venezia,2027-05-29T13:00:00+00:00,Serie_A,False
SSC Napoli,Atalanta,2027-05-29T13:00:00+00:00,Serie_A,False
Olympique Lyonnais,Paris FC,2027-05-29T19:00:00+00:00,Ligue_1,False
Stade Rennais,Angers,2027-05-29T19:00:00+00:00,Ligue_1,False
Stade Brestois,RC Lens,2027-05-29T19:00:00+00:00,Ligue_1,False
RC Strasbourg,Nice,2027-05-29T19:00:00+00:00,Ligue_1,False
AS Monaco,Troyes,2027-05-29T19:00:00+00:00,Ligue_1,False
Auxerre,Le Havre,2027-05-29T19:00:00+00:00,Ligue_1,False
Paris Saint-Germain,Toulouse,2027-05-29T19:00:00+00:00,Ligue_1,False
Olympique de Marseille,Lorient,2027-05-29T19:00:00+00:00,Ligue_1,False
Lille,Le Mans,2027-05-29T19:00:00+00:00,Ligue_1,False
Ipswich Town,Everton,2027-05-30T15:00:00+00:00,Premier_League,False
Manchester United,Fulham,2027-05-30T15:00:00+00:00,Premier_League,False
Sunderland,Manchester City,2027-05-30T15:00:00+00:00,Premier_League,False
Arsenal,Brighton & Hove Albion,2027-05-30T15:00:00+00:00,Premier_League,False
Aston Villa,Tottenham Hotspur,2027-05-30T15:00:00+00:00,Premier_League,False
Crystal Palace,Leeds United,2027-05-30T15:00:00+00:00,Premier_League,False
Coventry City,Nottingham Forest,2027-05-30T15:00:00+00:00,Premier_League,False
Hull City,Newcastle United,2027-05-30T15:00:00+00:00,Premier_League,False
Liverpool FC,Bournemouth,2027-05-30T15:00:00+00:00,Premier_League,False
Chelsea,Brentford,2027-05-30T15:00:00+00:00,Premier_League,False
Athletic Club,Rayo Vallecano,2027-05-30T19:00:00+00:00,La_Liga,False
Elche,Real Racing Club,2027-05-30T19:00:00+00:00,La_Liga,False
Getafe,FC Barcelona,2027-05-30T19:00:00+00:00,La_Liga,False
Levante UD,Celta Vigo,2027-05-30T19:00:00+00:00,La_Liga,False
Málaga CF,Sevilla,2027-05-30T19:00:00+00:00,La_Liga,False
Osasuna,Valencia,2027-05-30T19:00:00+00:00,La_Liga,False
Real Betis,Atlético Madrid,2027-05-30T19:00:00+00:00,La_Liga,False
Real Madrid,Deportivo de A Coruña,2027-05-30T19:00:00+00:00,La_Liga,False
Real Sociedad,Villarreal,2027-05-30T19:00:00+00:00,La_Liga,False
Espanyol,Deportivo Alavés,2027-05-30T19:00:00+00:00,La_Liga,False
